,state,pc_name,candidate,sex,age,category,party,general_votes,postal_votes,total_votes,total_electors,Unnamed: 12,margin
0,Telangana,Adilabad ,GODAM NAGESH,M,49.0,ST,TRS,425762,5085,430847,1386282, ,0
1,Telangana,Adilabad ,NARESH,M,37.0,ST,INC,257994,1563,259557,1386282, ,-171290
11,Telangana,Pedipalp ,BALKA SUMAN,M,31.0,SC,TRS,563214,2282,565496,1425355, ,0
12,Telangana,Pedipalp ,G. VIVEKANAND,M,56.0,SC,INC,273441,897,274338,1425355, ,-291158
28,Telangana,Karimnagar ,PONNAM PRABHAKAR,M,47.0,GEN,INC,298386,2320,300706,1550810, ,-204652
31,Telangana,Karimnagar ,VINOD KUMAR BOINAPALLY,M,54.0,GEN,TRS,503197,2161,505358,1550810, ,0
46,Telangana,Nizamabad,KALVAKUNTLA KAVITHA,F,36.0,GEN,TRS,435706,3601,439307,1496193, ,0
48,Telangana,Nizamabad,MADHU YASKHI GOUD,M,56.0,GEN,INC,270948,1175,272123,1496193, ,-167184
62,Telangana,Zahirabad,B.B. PATIL,M,58.0,GEN,TRS,505983,2678,508661,1445354, ,0
65,Telangana,Zahirabad,SURESH KUMAR SHETKAR,M,53.0,GEN,INC,362939,1091,364030,1445354, ,-144631
73,Telangana,Medak,KALVAKUNTLA CHANDRASEKHAR RAO,M,60.0,GEN,TRS,655484,2008,657492,1536166, ,0
76,Telangana,Medak,DR.P. SHRAVAN KUMAR REDDY,M,39.0,GEN,INC,260202,261,260463,1536166, ,-397029
88,Telangana,Malkajgiri,CH.MALLA REDDY,M,56.0,GEN,TDP,522423,933,523356,3183083, ,0
90,Telangana,Malkajgiri,HANUMANTH RAO MYNAMPALLY,M,47.0,GEN,TRS,493433,1757,495190,3183083, ,-28166
118,Telangana,Secundrabad,M.ANJAN KUMAR YADAV,M,53.0,GEN,INC,183427,109,183536,1893741, ,-254735
120,Telangana,Secundrabad,BANDARU DATTATREYA,M,66.0,GEN,BJP,437860,411,438271,1893741, ,0
150,Telangana,Hyderabad,DR.BHAGAVANTH RAO,M,61.0,GEN,BJP,311336,78,311414,1823217, ,-202454
153,Telangana,Hyderabad,ASADUDDIN OWAISI,M,43.0,GEN,AIMIM,513777,91,513868,1823217, ,0
166,Telangana,CHELVELLA,KONDA VISHWESHWAR REDDY,M,54.0,GEN,TRS,431084,3993,435077,2185164, ,0
168,Telangana,CHELVELLA,PATLOLLA KARTIK REDDY,M,34.0,GEN,INC,360834,1220,362054,2185164, ,-73023
184,Telangana,Mahbubnagar,JAIPAL REDDY SUDINI,M,72.0,GEN,INC,330167,1471,331638,1418668, ,-2590
185,Telangana,Mahbubnagar,AP JITHENDER REDDY,M,60.0,GEN,TRS,332581,1647,334228,1418668, ,0
192,Telangana,Nagar Kurnool,YELLAIAH NANDI,M,71.0,SC,INC,419040,1035,420075,1477305, ,0
195,Telangana,Nagar Kurnool,DR. MANDA JAGANNATH,M,63.0,SC,TRS,401212,2187,403399,1477305, ,-16676
200,Telangana,Nalgonda,GUTHA SUKHENDER REDDY,M,60.0,GEN,INC,467984,4109,472093,1494343, ,0
201,Telangana,Nalgonda,TERA CHINNAPA REDDY,M,50.0,GEN,TDP,277433,1504,278937,1494343, ,-193156
211,Telangana,Bhongir ,KOMATIREDDY RAJGOPAL REDDY,M,46.0,GEN,INC,416240,1380,417620,1492240, ,-30544
213,Telangana,Bhongir ,DR. BOORA NARSAIAH GOUD,M,55.0,GEN,TRS,446822,1342,448164,1492240, ,0
223,Telangana,Warangal,KADIYAM SRIHARI,M,63.0,SC,TRS,658828,2811,661639,1537778, ,0
226,Telangana,Warangal,RAJAIAH SIRICILLA,M,61.0,SC,INC,268450,615,269065,1537778, ,-392574
236,Telangana,Mahabubabad  ,PROF. AZMEERA SEETARAM NAIK,M,56.0,ST,TRS,319388,1181,320569,1387288, ,0
237,Telangana,Mahabubabad  ,P. BALRAM,M,49.0,ST,INC,283735,1842,285577,1387288, ,-34992
256,Telangana,Khammam ,NAMA NAGESWARA RAO,M,56.0,GEN,TDP,407614,2616,410230,1440267, ,-12204
259,Telangana,Khammam ,PONGULETI  SRINIVASA REDDY,M,48.0,GEN,YSRCP,418609,3825,422434,1440267, ,0
283,Andhra Pradesh,Aruku ,GUMMIDI SANDHYARANI,F,41.0,ST,TDP,319846,1947,321793,1272340, ,-91398
285,Andhra Pradesh,Aruku ,KOTHAPALLI GEETHA,F,43.0,ST,YSRCP,410730,2461,413191,1272340, ,0
296,Andhra Pradesh,Srikakulam,RAMMOHAN NAIDU KINJARAPU,M,27.0,GEN,TDP,552348,4197,556545,1413726, ,0
300,Andhra Pradesh,Srikakulam,REDDY SHANTHI,F,45.0,GEN,YSRCP,426135,2718,428853,1413726, ,-127692
305,Andhra Pradesh,Vizianagaram,ASHOK GAJAPATHI RAJU PUSAPATI,M,62.0,GEN,TDP,534357,2192,536549,1403736, ,0
311,Andhra Pradesh,Vizianagaram,VENKATA SWETHA CHALAPATHI KUMARA KRISHNA RANGARAO RAVU,M,33.0,GEN,YSRCP,427629,2009,429638,1403736, ,-106911
316,Andhra Pradesh,Visakhapatnam,KAMBHAMPATI HARI BABU,M,60.0,GEN,BJP,565326,1506,566832,1723011, ,0
322,Andhra Pradesh,Visakhapatnam,Y.S VIJAYAMMA,F,58.0,GEN,YSRCP,474628,1716,476344,1723011, ,-90488
339,Andhra Pradesh,Anakapalli,MUTTAMSETTI SRINIVASA RAO (AVANTHI),M,47.0,GEN,TDP,566667,1796,568463,1401474, ,0
342,Andhra Pradesh,Anakapalli,GUDIVADA AMARNADH,M,30.0,GEN,YSRCP,518566,1965,520531,1401474, ,-47932
347,Andhra Pradesh,Kakinada,THOTA NARASIMHAM,M,53.0,GEN,TDP,512045,2357,514402,1418290, ,0
352,Andhra Pradesh,Kakinada,CHALAMALASETTY SUNIL,M,44.0,GEN,YSRCP,508068,2903,510971,1418290, ,-3431
372,Andhra Pradesh,Amalapuram ,DR PANDULA RAVINDRA BABU,M,58.0,SC,TDP,591480,3067,594547,1357865, ,0
375,Andhra Pradesh,Amalapuram ,PINIPE VISWARUPU,M,51.0,SC,YSRCP,470804,3167,473971,1357865, ,-120576
387,Andhra Pradesh,Rajahmundry,MURALI MOHAN MAGANTI,M,73.0,GEN,TDP,627653,2920,630573,1421276, ,0
389,Andhra Pradesh,Rajahmundry,BODDU VENKATARAMANA CHOWDARY,M,39.0,GEN,YSRCP,461204,1935,463139,1421276, ,-167434
401,Andhra Pradesh,Narasapuram,GOKARAJU GANGA RAJU,M,69.0,GEN,BJP,537498,2808,540306,1325028, ,0
406,Andhra Pradesh,Narasapuram,VANKA RAVINDRANATH,M,53.0,GEN,YSRCP,452576,2379,454955,1325028, ,-85351
416,Andhra Pradesh,Eluru ,MAGANTI VENKATESWARA RAO (BABU),M,54.0,GEN,TDP,620374,3097,623471,1427764, ,0
420,Andhra Pradesh,Eluru ,THOTA CHANDRA SEKHAR,M,52.0,GEN,YSRCP,518063,3482,521545,1427764, ,-101926
431,Andhra Pradesh,Machilipatnam ,KONAKALLA NARAYANA RAO,M,64.0,GEN,TDP,583374,3906,587280,1369311, ,0
435,Andhra Pradesh,Machilipatnam ,KOLUSU PARTHA SARATHY,M,48.0,GEN,YSRCP,502875,3348,506223,1369311, ,-81057
444,Andhra Pradesh,Vijayawada,KESINENI SRINIVAS (NANI),M,48.0,GEN,TDP,589702,3251,592953,1564513, ,0
448,Andhra Pradesh,Vijayawada,KONERU RAJENDRA PRASAD,M,63.0,GEN,YSRCP,514926,3313,518239,1564513, ,-74714
467,Andhra Pradesh,Guntur,JAYADEV GALLA,M,48.0,GEN,TDP,615170,3247,618417,1572017, ,0
474,Andhra Pradesh,Guntur,BALASHOWRY VALLABHANENI,M,45.0,GEN,YSRCP,545602,3704,549306,1572017, ,-69111
481,Andhra Pradesh,Narasaraopet,SAMBASIVA RAO RAYAPATI,M,70.0,GEN,TDP,629706,2758,632464,1514861, ,0
483,Andhra Pradesh,Narasaraopet,AYODHYA RAMIREDDY ALLA,M,50.0,GEN,YSRCP,594230,2954,597184,1514861, ,-35280
493,Andhra Pradesh,Bapatla ,MALYADRI SRIRAM,M,60.0,SC,TDP,574690,3455,578145,1392964, ,0
497,Andhra Pradesh,Bapatla ,VARIKUTI AMRUTHAPANI,M,54.0,SC,YSRCP,542461,2930,545391,1392964, ,-32754
508,Andhra Pradesh,Ongole ,MAGUNTA SREENIVASULU REDDY,M,60.0,GEN,TDP,569401,4901,574302,1470212, ,-15559
512,Andhra Pradesh,Ongole ,Y.V.SUBBA REDDY,M,53.0,GEN,YSRCP,584516,5345,589861,1470212, ,0
523,Andhra Pradesh,Nandyal,N.MD.FAROOK,M,62.0,GEN,TDP,514780,1865,516645,1576945, ,-105766
527,Andhra Pradesh,Nandyal,S.P.Y REDDY,M,64.0,GEN,YSRCP,620061,2350,622411,1576945, ,0
538,Andhra Pradesh,Kurnool,B.T. NAIDU,M,42.0,GEN,TDP,427292,1359,428651,1481791, ,-44131
544,Andhra Pradesh,Kurnool,BUTTA RENUKA,F,42.0,GEN,YSRCP,471525,1257,472782,1481791, ,0
552,Andhra Pradesh,Anantapur,J.C. DIVAKAR REDDI,M,70.0,GEN,TDP,606849,3439,610288,1536894, ,0
553,Andhra Pradesh,Anantapur,ANANTHA VENKATARAMIREDDY,M,57.0,GEN,YSRCP,545612,2685,548297,1536894, ,-61991
564,Andhra Pradesh,Hindupur,KRISTAPPA NIMMALA,M,57.0,GEN,TDP,600507,3784,604291,1446496, ,0
568,Andhra Pradesh,Hindupur,DUDDUKUNTA SREEDHAR REDDY,M,43.0,GEN,YSRCP,504636,2330,506966,1446496, ,-97325
579,Andhra Pradesh,Kadapa,SRINIVASA REDDY REDDEPPAGARI,M,46.0,GEN,TDP,477505,4155,481660,1550440, ,-190323
580,Andhra Pradesh,Kadapa,Y.S. AVINASH REDDY,M,29.0,GEN,YSRCP,665491,6492,671983,1550440, ,0
592,Andhra Pradesh,Nellore,ADALA PRABHAKARA REDDY,M,64.0,GEN,TDP,558730,4188,562918,1606127, ,-13478
598,Andhra Pradesh,Nellore,MEKAPATI RAJAMOHAN REDDY,M,69.0,GEN,YSRCP,573203,3193,576396,1606127, ,0
607,Andhra Pradesh,Tirupati ,KARUMANCHI JAYARAM,M,54.0,SC,BJP,539887,3064,542951,1574161, ,-37425
613,Andhra Pradesh,Tirupati ,VARAPRASAD RAO VELAGAPALLI,M,61.0,SC,YSRCP,578289,2087,580376,1574161, ,0
623,Andhra Pradesh,Rajampet,D.  PURANDESWARI,F,53.0,GEN,BJP,424885,2105,426990,1487791, ,-174762
627,Andhra Pradesh,Rajampet,P.V.MIDHUN REDDY,M,36.0,GEN,YSRCP,599650,2102,601752,1487791, ,0
633,Andhra Pradesh,Chittoor ,NARAMALLI SIVAPRASAD,M,62.0,SC,TDP,590938,3924,594862,1451851, ,0
637,Andhra Pradesh,Chittoor ,G.SAMANYAKIRAN,F,35.0,SC,YSRCP,548184,2540,550724,1451851, ,-44138
643,Arunachal Pradesh,ARUNACHAL WEST,KIREN RIJIJU,M,42.0,ST,BJP,162575,6792,169367,446640, ,0
644,Arunachal Pradesh,ARUNACHAL WEST,TAKAM SANJOY,M,47.0,ST,INC,125908,1721,127629,446640, ,-41738
649,Arunachal Pradesh,ARUNACHAL EAST,NINONG ERING,M,55.0,ST,INC,116347,2108,118455,312704, ,0
650,Arunachal Pradesh,ARUNACHAL EAST,TAPIR GAO,M,49.0,ST,BJP,102463,3514,105977,312704, ,-12478
653,Assam,Karimganj ,KRISHNA DAS,M,45.0,SC,BJP,260347,425,260772,1165997, ,-102094
655,Assam,Karimganj ,RADHESHYAM BISWAS,M,59.0,SC,AIUDF,362605,261,362866,1165997, ,0
669,Assam,Silchar,KABINDRA PURKAYASTHA,M,82.0,GEN,BJP,301159,51,301210,1060175, ,-35241
673,Assam,Silchar,SUSHMITA DEV  ,F,41.0,GEN,INC,336426,25,336451,1060175, ,0
687,Assam,Autonomous District,JOY RAM ENGLENG,M,54.0,ST,BJP,188917,140,189057,702230, ,-24095
688,Assam,Autonomous District,BIREN SINGH ENGTI,M,74.0,ST,INC,213038,114,213152,702230, ,0
694,Assam,Dhubri,WAZED ALI CHOUDHURY,M,52.0,GEN,INC,362676,163,362839,1550166, ,-229730
696,Assam,Dhubri,BADRUDDIN AJMAL,M,59.0,GEN,AIUDF,592338,231,592569,1550166, ,0
711,Assam,Kokrajhar,URKHAO GWRA BRAHMA,M,51.0,ST,IND,278381,268,278649,1505472, ,-355779
712,Assam,Kokrajhar,NABA KUMAR SARANIA (HIRA),M,45.0,ST,IND,634111,317,634428,1505472, ,0
718,Assam,Barpeta,CHANDRA MOHAN PATOWARY,M,56.0,GEN,BJP,352239,122,352361,1430188, ,-42341
719,Assam,Barpeta,SIRAJ UDDIN AJMAL,M,67.0,GEN,AIUDF,394580,122,394702,1430188, ,0
733,Assam,Gauhati,BIJOYA CHAKRAVARTY,F,75.0,GEN,BJP,764904,81,764985,1922270, ,0
735,Assam,Gauhati,MANASH BORAH,M,33.0,GEN,INC,449180,21,449201,1922270, ,-315784
751,Assam,Mangaldoi,KIRIP CHALIHA,M,59.0,GEN,INC,463430,43,463473,1515676, ,-22884
754,Assam,Mangaldoi,RAMEN DEKA,M,59.0,GEN,BJP,486230,127,486357,1515676, ,0
764,Assam,Tezpur,BHUPEN KUMAR BORAH,M,43.0,GEN,INC,360457,34,360491,1259568, ,-86020
766,Assam,Tezpur,RAM PRASAD SARMAH,M,58.0,GEN,BJP,446406,105,446511,1259568, ,0
775,Assam,Nowgong,JONJONALI BARUAH,F,55.0,GEN,INC,350413,174,350587,1523881, ,-143559
777,Assam,Nowgong,RAJEN GOHAIN ,M,63.0,GEN,BJP,494005,141,494146,1523881, ,0
784,Assam,Kaliabor,GOURAV GOGOI,M,31.0,GEN,INC,443032,283,443315,1457219, ,0
786,Assam,Kaliabor,MRINAL KUMAR SAIKIA,M,46.0,GEN,BJP,349262,179,349441,1457219, ,-93874
797,Assam,Jorhat,KAMAKHYA PRASAD TASA,M,38.0,GEN,BJP,456170,250,456420,1189486, ,0
801,Assam,Jorhat,BIJOY KRISHNA HANDIQUE,M,82.0,GEN,INC,353851,149,354000,1189486, ,-102420
809,Assam,Dibrugarh,PABAN SINGH GHATOWAR,M,62.0,GEN,INC,308977,40,309017,1124305, ,-185347
810,Assam,Dibrugarh,RAMESWAR TELI,M,43.0,GEN,BJP,494278,86,494364,1124305, ,0
816,Assam,Lakhimpur,RANEE NARAH,F,50.0,GEN,INC,320305,100,320405,1431080, ,-292138
817,Assam,Lakhimpur,SARBANANDA SONOWAL,M,52.0,ST,BJP,612134,409,612543,1431080, ,0
829,Bihar,Valmiki Nagar,PURNMASI RAM,M,57.0,SC,INC,246116,102,246218,1456598, ,-117795
832,Bihar,Valmiki Nagar,SATISH CHANDRA DUBEY,M,39.0,GEN,BJP,363860,153,364013,1456598, ,0
844,Bihar,Paschim Champaran,PRAKASH JHA,M,61.0,GEN,JD(U),260935,43,260978,1413148, ,-110254
847,Bihar,Paschim Champaran,DR. SANJAY JAISWAL,M,49.0,GEN,BJP,371138,94,371232,1413148, ,0
858,Bihar,Purvi Champaran,BINOD KUMAR SRIVASTAVA,M,54.0,GEN,RJD,208283,6,208289,1439253, ,-192163
859,Bihar,Purvi Champaran,RADHA MOHAN SINGH,M,64.0,GEN,BJP,400435,17,400452,1439253, ,0
874,Bihar,Sheohar,MD ANWARUL HAQUE,M,70.0,GEN,RJD,236180,87,236267,1485801, ,-136239
875,Bihar,Sheohar,RAMA DEVI,F,65.0,GEN,BJP,372388,118,372506,1485801, ,0
891,Bihar,Sitamarhi,SITARAM YADAV,M,66.0,GEN,RJD,263251,49,263300,1574914, ,-147965
897,Bihar,Sitamarhi,RAM KUMAR SHARMA,M,50.0,GEN,BLSP,411222,43,411265,1574914, ,0
909,Bihar,Madhubani,ABDUL BARI SIDDIQUI,M,62.0,GEN,RJD,337459,46,337505,1627832, ,-20535
912,Bihar,Madhubani,HUKM DEO NARAYAN YADAV,M,77.0,GEN,BJP,357989,51,358040,1627832, ,0
922,Bihar,Jhanjharpur,MANGANI LAL MANDAL,M,65.0,GEN,RJD,280024,49,280073,1668405, ,-55408
924,Bihar,Jhanjharpur,BIRENDRA KUMAR CHAUDHARY,M,60.0,GEN,BJP,335440,41,335481,1668405, ,0
943,Bihar,Supaul,DILESHWAR KAMAIT,M,68.0,GEN,JD(U),273255,0,273255,1525583, ,-59672
944,Bihar,Supaul,RANJEET RANJAN,F,41.0,GEN,INC,332925,2,332927,1525583, ,0
955,Bihar,Araria,TASLEEM UDDIN,M,72.0,GEN,RJD,407975,3,407978,1587332, ,0
956,Bihar,Araria,PRADEEP KUMAR SINGH,M,48.0,GEN,BJP,261470,4,261474,1587332, ,-146504
969,Bihar,Kishanganj,DR DILIP  KUMAR JAISWAL,M,50.0,GEN,BJP,298762,87,298849,1438990, ,-194612
971,Bihar,Kishanganj,MOHAMMAD ASRARUL HAQUE,M,67.0,GEN,INC,493294,167,493461,1438990, ,0
979,Bihar,Katihar,TARIQ ANWAR,M,63.0,GEN,NCP,431172,120,431292,1446478, ,0
980,Bihar,Katihar,NIKHIL KUMAR CHOUDHARY,M,68.0,GEN,BJP,316415,137,316552,1446478, ,-114740
1002,Bihar,Purnia,UDAY SINGH ALIAS PAPPU SINGH,M,61.0,GEN,BJP,301979,178,302157,1582626, ,-116669
1004,Bihar,Purnia,SANTOSH KUMAR,M,35.0,GEN,JD(U),418717,109,418826,1582626, ,0
1020,Bihar,Madhepura,RAJESH RANJAN @ PAPPU YADAV,M,46.0,GEN,RJD,368876,61,368937,1725693, ,0
1022,Bihar,Madhepura,SHARAD YADAV,M,66.0,GEN,JD(U),312711,17,312728,1725693, ,-56209
1032,Bihar,Darbhanga,MD. ALI ASHRAF FATMI,M,60.0,GEN,RJD,279905,1,279906,1495445, ,-35043
1033,Bihar,Darbhanga,KIRTI AZAD,M,55.0,GEN,BJP,314933,16,314949,1495445, ,0
1048,Bihar,Muzaffarpur,AKHILESH PD SINGH,M,44.0,GEN,INC,246869,4,246873,1551363, ,-222422
1049,Bihar,Muzaffarpur,AJAY NISHAD,M,45.0,GEN,BJP,469282,13,469295,1551363, ,0
1078,Bihar,Vaishali,RAGHUVANSH PRASAD SINGH,M,67.0,GEN,RJD,206180,3,206183,1566321, ,-99267
1079,Bihar,Vaishali,RAMA KISHORE SINGH,M,51.0,GEN,LJP,305446,4,305450,1566321, ,0
1103,Bihar,Gopalganj (SC),JANAK RAM,M,42.0,SC,BJP,478758,15,478773,1654838, ,0
1104,Bihar,Gopalganj (SC),DR. JYOTI BHARTI,F,58.0,SC,INC,191832,5,191837,1654838, ,-286936
1116,Bihar,Siwan,OM PRAKASH YADAV,M,48.0,GEN,BJP,372659,11,372670,1563860, ,0
1119,Bihar,Siwan,HENA SHAHAB,F,41.0,GEN,RJD,258818,5,258823,1563860, ,-113847
1130,Bihar,Maharajganj,"JANARDAN SINGH ""SIGRIWAL""",M,50.0,GEN,BJP,320645,108,320753,1642068, ,-150789
1142,Bihar,Saran,RAJIV PRATAP RUDY,M,53.0,GEN,BJP,354738,382,355120,1538740, ,0
1143,Bihar,Saran,RABRI DEVI,F,61.0,GEN,RJD,313878,294,314172,1538740, ,-40948
1155,Bihar,Hajipur (SC),RAMVILAS PASWAN,M,67.0,SC,LJP,454874,778,455652,1649547, ,0
1156,Bihar,Hajipur (SC),SANJEEV PRASAD TONI,M,57.0,SC,INC,229816,336,230152,1649547, ,-225500
1170,Bihar,Ujiarpur,ALOK KUMAR MEHTA,M,45.0,GEN,RJD,256881,2,256883,1426217, ,-60469
1172,Bihar,Ujiarpur,NITYANAND RAI,M,48.0,GEN,BJP,317339,13,317352,1426217, ,0
1189,Bihar,Samastipur (SC),DR. ASHOK KUMAR,M,59.0,SC,INC,263528,1,263529,1504451, ,-6872
1192,Bihar,Samastipur (SC),RAM CHANDRA PASWAN,M,53.0,SC,LJP,270391,10,270401,1504451, ,0
1202,Bihar,Begusarai,MD. TANVEER HASSAN,M,54.0,GEN,RJD,369699,193,369892,1778759, ,-58335
1203,Bihar,Begusarai,BHOLA SINGH,M,75.0,GEN,BJP,427987,240,428227,1778759, ,0
1215,Bihar,Khagaria,KRISHNA KUMARI YADAV,F,39.0,GEN,RJD,237772,31,237803,1506587, ,-76003
1216,Bihar,Khagaria,CHOUDHARY MAHBOOB ALI KAISER,M,47.0,GEN,LJP,313736,70,313806,1506587, ,0
1231,Bihar,Bhagalpur,SHAILESH KUMAR URPH BULO MANDAL,M,38.0,GEN,RJD,367619,4,367623,1685339, ,0
1232,Bihar,Bhagalpur,SYED SHAHNAWAZ HUSSAIN,M,45.0,GEN,BJP,358083,55,358138,1685339, ,-9485
1248,Bihar,Banka,JAI PRAKASH NARAYAN YADAV,M,60.0,GEN,RJD,285148,2,285150,1549456, ,0
1249,Bihar,Banka,PUTUL KUMARI,F,54.0,GEN,BJP,274980,26,275006,1549456, ,-10144
1268,Bihar,Munger,RAJIV RANJAN SINGH ALIAS LALAN SINGH,M,60.0,GEN,JD(U),243818,9,243827,1719984, ,-109084
1269,Bihar,Munger,VEENA DEVI,F,41.0,GEN,LJP,352863,48,352911,1719984, ,0
1281,Bihar,Nalanda,KAUSHLENDRA KUMAR,M,49.0,GEN,JD(U),321938,44,321982,1951967, ,0
1283,Bihar,Nalanda,SATYA NAND SHARMA,M,64.0,GEN,LJP,312315,40,312355,1951967, ,-9627
1303,Bihar,Patna Sahib,KUNAL SINGH,M,58.0,GEN,INC,219693,407,220100,1946249, ,-265805
1306,Bihar,Patna Sahib,SHATRUGHANA SINHA,M,67.0,GEN,BJP,484458,1447,485905,1946249, ,0
1323,Bihar,Pataliputra,MISHA BHARTI,F,39.0,GEN,RJD,342478,462,342940,1736074, ,-40322
1326,Bihar,Pataliputra,RAM KRIPAL YADAV,M,53.0,GEN,BJP,382232,1030,383262,1736074, ,0
1346,Bihar,Arrah,RAJ KUMAR SINGH,M,61.0,GEN,BJP,390953,121,391074,1824515, ,0
1347,Bihar,Arrah,SRIBHAGWAN SINGH KUSHWAHA,M,48.0,GEN,RJD,255180,24,255204,1824515, ,-135870
1357,Bihar,Buxar,ASHWINI KUMAR CHOUBEY,M,61.0,GEN,BJP,318954,58,319012,1640671, ,0
1358,Bihar,Buxar,JAGADANAND SINGH,M,70.0,GEN,RJD,186667,7,186674,1640671, ,-132338
1375,Bihar,Sasaram (SC),CHHEDI PASWAN,M,58.0,SC,BJP,365576,511,366087,1607747, ,0
1377,Bihar,Sasaram (SC),MEIRA KUMAR,F,68.0,SC,INC,302385,375,302760,1607747, ,-63327
1386,Bihar,Karakat,KANTI SINGH,F,59.0,GEN,RJD,233619,32,233651,1580558, ,-105241
1389,Bihar,Karakat,UPENDRA KUSHWAHA,M,51.0,GEN,BLSP,338821,71,338892,1580558, ,0
1404,Bihar,Jahanabad,SURENDRA PRASAD YADAV,M,56.0,GEN,RJD,280086,221,280307,1423246, ,-42340
1405,Bihar,Jahanabad,DR. ARUN KUMAR,M,55.0,GEN,BLSP,322422,225,322647,1423246, ,0
1433,Bihar,Gaya (SC),RAMJI MANJHI,M,54.0,SC,RJD,210042,684,210726,1501521, ,-115504
1435,Bihar,Gaya (SC),HARI MANJHI,M,51.0,SC,BJP,325040,1190,326230,1501521, ,0
1447,Bihar,Nawada,GIRIRAJ SINGH,M,61.0,GEN,BJP,390205,43,390248,1694895, ,0
1448,Bihar,Nawada,RAJ BALLABH PRASAD,M,52.0,GEN,RJD,250086,5,250091,1694895, ,-140157
1465,Bihar,Jamui (SC),CHIRAG KUMAR PASWAN,M,32.0,SC,LJP,285334,20,285354,1550936, ,0
1467,Bihar,Jamui (SC),SUDHANSU SHEKHAR BHASKAR,M,46.0,SC,RJD,199401,6,199407,1550936, ,-85947
1476,Goa,North Goa,RAVI NAIK,M,67.0,GEN,INC,131904,400,132304,515441, ,-105599
1477,Goa,North Goa,SHRIPAD YESSO NAIK,M,61.0,GEN,BJP,236926,977,237903,515441, ,0
1484,Goa,South Goa,ALEIXO REGINALDO LOURENCO,M,45.0,GEN,INC,166226,220,166446,545336, ,-32330
1485,Goa,South Goa,ADV. NARENDRA KESHAV SAWAIKAR,M,47.0,GEN,BJP,198176,600,198776,545336, ,0
1498,Gujarat,Kachchh,CHAVDA VINOD LAKHAMASHI,M,35.0,SC,BJP,560475,2380,562855,1533782, ,0
1499,Gujarat,Kachchh,DR.DINESH PARMAR,M,70.0,SC,INC,307072,1301,308373,1533782, ,-254482
1503,Gujarat,Banaskantha,CHAUDHARY HARIBHAI PARTHIBHAI,M,59.0,GEN,BJP,506171,1685,507856,1515711, ,0
1504,Gujarat,Banaskantha,PATEL JOITABHAI KASNABHAI,M,72.0,GEN,INC,304035,1487,305522,1515711, ,-202334
1519,Gujarat,Patan,RATHOD BHAVSINHBHAI DAHYABHAI,M,78.0,GEN,INC,376973,2846,379819,1628641, ,-138719
1520,Gujarat,Patan,LILADHARBHAI KHODAJI VAGHELA,M,80.0,GEN,BJP,515579,2959,518538,1628641, ,0
1534,Gujarat,Mahesana,PATEL JAYSHREEBEN KANUBHAI,F,55.0,GEN,BJP,577225,3025,580250,1498219, ,0
1535,Gujarat,Mahesana,PATEL JIVABHAI AMBALAL,M,75.0,GEN,INC,368204,3155,371359,1498219, ,-208891
1549,Gujarat,Sabarkantha,RATHOD DIPSINH SHANKARSINH,M,62.0,GEN,BJP,549061,3144,552205,1615840, ,0
1550,Gujarat,Sabarkantha,SHANKERSINH VAGHELA BAPU,M,74.0,GEN,INC,463024,4726,467750,1615840, ,-84455
1559,Gujarat,Gandhinagar,L.K.ADVANI,M,86.0,GEN,BJP,770118,3421,773539,1733972, ,0
1560,Gujarat,Gandhinagar,KIRITBHAI ISHVARBHAI PATEL,M,56.0,GEN,INC,287584,2834,290418,1733972, ,-483121
1578,Gujarat,Ahmedabad East,PATEL HIMMATSINGH PRAHLADSINGH,M,52.0,GEN,INC,304769,2180,306949,1601832, ,-326633
1579,Gujarat,Ahmedabad East,PARESH RAWAL,M,59.0,GEN,BJP,630869,2713,633582,1601832, ,0
1593,Gujarat,Ahmedabad West,ISHWARBAHI DHANABHAI MAKWANA,M,63.0,SC,INC,295202,1591,296793,1534400, ,-320311
1594,Gujarat,Ahmedabad West,DR. KIRIT P SOLANKI,M,64.0,SC,BJP,614892,2212,617104,1534400, ,0
1605,Gujarat,Surendranagar,KOLI PATEL SOMABHAI GANDALAL,M,73.0,GEN,INC,323684,2412,326096,1656657, ,-202907
1607,Gujarat,Surendranagar,FATEPARA DEVAJIBHAI GOVINDBHAI,M,55.0,GEN,BJP,526006,2997,529003,1656657, ,0
1623,Gujarat,Rajkot,KUNDARIYA MOHANBHAI KALYANJIBHAI,M,62.0,GEN,BJP,619495,2029,621524,1655717, ,0
1624,Gujarat,Rajkot,KUNVARJIBHAI MOHANBHAI BAVALIYA,M,59.0,GEN,INC,373032,2064,375096,1655717, ,-246428
1639,Gujarat,Porbandar,JADEJA KANDHALBHAI SARAMANBHAI,M,42.0,GEN,NCP,238360,2106,240466,1539223, ,-267971
1640,Gujarat,Porbandar,RADADIYA VITHALBHAI  HANSRAJBHAI,M,55.0,GEN,BJP,506002,2435,508437,1539223, ,0
1654,Gujarat,Jamnagar,AHIR VIKRAMBHAI ARJANBHAI MADAM,M,56.0,GEN,INC,307836,1287,309123,1470952, ,-175289
1655,Gujarat,Jamnagar,POONAMBEN HEMATBHAI MAADAM,F,39.0,GEN,BJP,482451,1961,484412,1470952, ,0
1680,Gujarat,Junagadh,CHUDASAMA RAJESHBHAI NARANBHAI,M,31.0,GEN,BJP,511017,2162,513179,1485543, ,0
1681,Gujarat,Junagadh,PUNJABHAI BHIMABHAI VANSH,M,51.0,GEN,INC,375897,1450,377347,1485543, ,-135832
1689,Gujarat,Amreli,KACHHADIYA NARANBHAI BHIKHABHAI,M,58.0,GEN,BJP,435132,1583,436715,1486286, ,0
1690,Gujarat,Amreli,THUMMAR VIRJIBHAI KESHAVBHAI (VIRJIBHAI THUMMAR),M,54.0,GEN,INC,279138,1345,280483,1486286, ,-156232
1705,Gujarat,Bhavnagar,DR. BHARATIBEN DHIRUBHAI SHIYAL,F,50.0,GEN,BJP,547080,2449,549529,1594531, ,0
1706,Gujarat,Bhavnagar,RATHOD PRAVINBHAI JINABHAI,M,43.0,GEN,INC,252901,1140,254041,1594531, ,-295488
1721,Gujarat,Anand,DILIP PATEL,M,59.0,GEN,BJP,489507,1322,490829,1496859, ,0
1723,Gujarat,Anand,SOLANKI BHARATBHAI MADHAVSINH,M,60.0,GEN,INC,425251,2152,427403,1496859, ,-63426
1737,Gujarat,Kheda,CHAUHAN DEVUSINH JESINGBHAI (CHAUHAN DEVUSINH),M,49.0,GEN,BJP,565826,2409,568235,1599476, ,0
1738,Gujarat,Kheda,DINSHA PATEL,M,77.0,GEN,INC,333325,2009,335334,1599476, ,-232901
1754,Gujarat,Panchmahal,CHAUHAN PRABHATSINH PRATAPSINH,M,72.0,GEN,BJP,504707,3567,508274,1576667, ,0
1755,Gujarat,Panchmahal,RAMSINH PARMAR,M,70.0,GEN,INC,335020,2658,337678,1576667, ,-170596
1767,Gujarat,Dahod,JASVANTSINH SUMANBHAI BHABHOR,M,47.0,ST,BJP,508838,2273,511111,1411765, ,0
1768,Gujarat,Dahod,TAVIYAD DR. PRABHABEN KISHORSINH,F,59.0,ST,INC,278170,2587,280757,1411765, ,-230354
1777,Gujarat,Vadodara,NARENDRA MODI,M,63.0,GEN,BJP,841592,3872,845464,1638321, ,0
1778,Gujarat,Vadodara,MISTRI MADHUSUDAN DEVRAM,M,69.0,GEN,INC,273589,1747,275336,1638321, ,-570128
1786,Gujarat,Chhota Udaipur,NARANBHAI JEMALABHAI RATHVA,M,60.0,ST,INC,425511,2676,428187,1536305, ,-179729
1787,Gujarat,Chhota Udaipur,RAMSINH RATHWA,M,62.0,ST,BJP,604843,3073,607916,1536305, ,0
1791,Gujarat,Bharuch,PATEL JAYESHBHAI AMBALALBHAI (JAYESH KAKA),M,57.0,GEN,INC,394318,1311,395629,1417548, ,-153273
1792,Gujarat,Bharuch,VASAVA MANSUKHBHAI DHANJIBHAI,M,56.0,ST,BJP,546740,2162,548902,1417548, ,0
1807,Gujarat,Bardoli,CHAUDHARI TUSHARBHAI AMARSINHBHAI,M,48.0,ST,INC,496293,2592,498885,1614106, ,-123884
1809,Gujarat,Bardoli,VASAVA PARBHUBHAI NAGARBHAI,M,44.0,ST,BJP,621188,1581,622769,1614106, ,0
1818,Gujarat,Surat,DARSHANA VIKRAM JARDOSH,F,53.0,GEN,BJP,717429,983,718412,1484068, ,0
1819,Gujarat,Surat,DESAI NAISHADHBHAI BHUPATBHAI,M,57.0,GEN,INC,184904,318,185222,1484068, ,-533190
1827,Gujarat,Navsari,C. R. PATIL,M,59.0,GEN,BJP,818367,2464,820831,1764622, ,0
1828,Gujarat,Navsari,MAKSUD MIRZA,M,40.0,GEN,INC,261848,867,262715,1764622, ,-558116
1846,Gujarat,Valsad,KISHANBHAI  VESTABHAI PATEL,M,48.0,ST,INC,408003,1765,409768,1512061, ,-208004
1848,Gujarat,Valsad,DR. K.C.PATEL,M,65.0,ST,BJP,616415,1357,617772,1512061, ,0
1860,Haryana,Ambala,RATTAN LAL KATARIA,M,62.0,SC,BJP,611902,219,612121,1692424, ,0
1861,Haryana,Ambala,RAJ KUMAR BALMIKI,M,57.0,SC,INC,272026,21,272047,1692424, ,-340074
1874,Haryana,Kurukshetra,BALBIR SINGH SAINI,M,65.0,GEN,INLD,288334,42,288376,1498459, ,-129736
1875,Haryana,Kurukshetra,RAJ KUMAR SAINI,M,60.0,GEN,BJP,417961,151,418112,1498459, ,0
1895,Haryana,Sirsa,ASHOK TANWAR,M,38.0,SC,INC,390615,19,390634,1660557, ,-115736
1896,Haryana,Sirsa,CHARANJEET SINGH RORI,M,43.0,SC,INLD,506213,157,506370,1660557, ,0
1914,Haryana,Hisar,KULDEEP BISHNOI,M,45.0,GEN,HJCBL,462219,412,462631,1517606, ,-31847
1915,Haryana,Hisar,DUSHYANT CHAUTALA,M,26.0,GEN,INLD,494213,265,494478,1517606, ,0
1956,Haryana,Karnal,ARVIND KUMAR SHARMA,M,51.0,GEN,INC,234657,13,234670,1684321, ,-360147
1957,Haryana,Karnal,ASHWINI KUMAR,M,57.0,GEN,BJP,594704,113,594817,1684321, ,0
1980,Haryana,Sonipat,JAGBIR SINGH MALIK,M,64.0,GEN,INC,269727,62,269789,1417188, ,-77414
1982,Haryana,Sonipat,RAMESH CHANDER,M,54.0,GEN,BJP,346979,224,347203,1417188, ,0
2004,Haryana,Rohtak,OM PARKASH DHANKAR,M,52.0,GEN,BJP,318984,452,319436,1567508, ,-170627
2005,Haryana,Rohtak,DEEPENDER SINGH HOODA,M,36.0,GEN,INC,489900,163,490063,1567508, ,0
2019,Haryana,Bhiwani-Mahendragarh,DHARAMBIR S/O BHALE RAM,M,59.0,GEN,BJP,404065,477,404542,1473912, ,0
2020,Haryana,Bhiwani-Mahendragarh,BAHADUR SINGH,M,57.0,GEN,INLD,275062,86,275148,1473912, ,-129394
2046,Haryana,Gurgaon,INDERJIT SINGH RAO,M,64.0,GEN,BJP,644486,294,644780,1844906, ,0
2047,Haryana,Gurgaon,ZAKIR HUSSAIN,M,52.0,GEN,INLD,370052,6,370058,1844906, ,-274722
2069,Haryana,Faridabad,AVTAR SINGH BHADANA,M,58.0,GEN,INC,185642,1,185643,1740352, ,-466873
2071,Haryana,Faridabad,KRISHAN PAL,M,57.0,GEN,BJP,652472,44,652516,1740352, ,0
2097,Himachal Pradesh,Kangra,CHANDER KUMAR,M,69.0,GEN,INC,285694,397,286091,1258601, ,-170072
2099,Himachal Pradesh,Kangra,SHANTA KUMAR,M,79.0,GEN,BJP,455160,1003,456163,1258601, ,0
2111,Himachal Pradesh,Mandi,PRATIBHA SINGH,F,57.0,GEN,INC,322465,503,322968,1150408, ,-39856
2112,Himachal Pradesh,Mandi,RAM SWAROOP SHARMA,M,55.0,GEN,BJP,362338,486,362824,1150408, ,0
2120,Himachal Pradesh,Hamirpur,ANURAG SINGH THAKUR,M,39.0,GEN,BJP,446755,1280,448035,1247699, ,-5849
2133,Himachal Pradesh,Shimla,MOHAN LAL BRAKTA,M,48.0,SC,INC,301314,472,301786,1153363, ,-84187
2134,Himachal Pradesh,Shimla,VIRENDER KASHYAP,M,63.0,SC,BJP,385517,456,385973,1153363, ,0
2142,Jammu & Kashmir,Baramulla,MUZAFFAR HUSSAIN BAIG,M,67.0,GEN,JKPDP,175277,0,175277,1190766, ,0
2143,Jammu & Kashmir,Baramulla,SHARIEF UD-DIN SHARIQ,M,79.0,GEN,JKN,146058,0,146058,1190766, ,-29219
2155,Jammu & Kashmir,Srinagar,TARIQ HAMEED KARRA,M,58.0,GEN,JKPDP,157923,0,157923,1207230, ,0
2156,Jammu & Kashmir,Srinagar,FAROOQ ABDULLAH,M,77.0,GEN,JKN,115642,1,115643,1207230, ,-42280
2171,Jammu & Kashmir,Anantnag,MIRZA MEHBOOB BEG,M,62.0,GEN,JKN,135005,7,135012,1301143, ,-65417
2172,Jammu & Kashmir,Anantnag,MEHBOOBA MUFTI,F,54.0,GEN,JKPDP,200407,22,200429,1301143, ,0
2183,Jammu & Kashmir,Ladakh,THUPSTAN CHHEWANG,M,67.0,ST,BJP,30731,380,31111,166763, ,0
2186,Jammu & Kashmir,Ladakh,GHULAM RAZA,M,50.0,GEN,IND,31049,26,31075,166763, ,-36
2189,Jammu & Kashmir,Udhampur,DR. JITENDRA SINGH,M,57.0,GEN,BJP,486820,549,487369,1469072, ,0
2191,Jammu & Kashmir,Udhampur,GHULAM NABI AZAD,M,65.0,GEN,INC,426336,57,426393,1469072, ,-60976
2203,Jammu & Kashmir,Jammu,JUGAL KISHORE,M,51.0,GEN,BJP,618245,1750,619995,1848155, ,0
2204,Jammu & Kashmir,Jammu,MADAN LAL SHARMA,M,62.0,GEN,INC,362537,178,362715,1848155, ,-257280
2222,Karnataka,Chikkodi,KATTI RAMESH VISHWANATH,M,49.0,GEN,BJP,471029,341,471370,1442206, ,-3003
2224,Karnataka,Chikkodi,PRAKASH BABANNA HUKKERI,M,67.0,GEN,INC,474301,72,474373,1442206, ,0
2235,Karnataka,Belgaum,ANGADI SURESH CHANNABASAPPA,M,58.0,GEN,BJP,553802,615,554417,1580895, ,0
2238,Karnataka,Belgaum,LAXMI R. HEBBALKAR,F,39.0,GEN,INC,478374,183,478557,1580895, ,-75860
2251,Karnataka,Bagalkot,AJAY KUMAR SARNAIK,M,57.0,GEN,INC,454846,142,454988,1568633, ,-116560
2253,Karnataka,Bagalkot,GADDIGOUDAR PARVTAGOUDA CHANDANAGOUDA,M,61.0,GEN,BJP,571200,348,571548,1568633, ,0
2265,Karnataka,Bijapur,PRAKASH RATHOD,M,53.0,SC,INC,401936,2,401938,1622635, ,-69819
2266,Karnataka,Bijapur,RAMESH JIGAJINAGI,M,64.0,SC,BJP,471738,19,471757,1622635, ,0
2281,Karnataka,Gulbarga,MALLIKARJUN KHARGE,M,72.0,SC,INC,506975,218,507193,1721990, ,0
2283,Karnataka,Gulbarga,REVUNAIK BELAMAGI,M,73.0,SC,BJP,432175,285,432460,1721990, ,-74733
2290,Karnataka,Raichur,B.V.NAYAK,M,48.0,ST,INC,443533,126,443659,1661606, ,0
2292,Karnataka,Raichur,ARAKERA SHIVANAGOUDA NAYAK,M,37.0,ST,BJP,441926,234,442160,1661606, ,-1499
2301,Karnataka,Bidar,N. DHARAM SINGH,M,78.0,GEN,INC,366991,77,367068,1600962, ,-92222
2303,Karnataka,Bidar,BHAGWANTH KHUBA,M,46.0,GEN,BJP,459044,246,459290,1600962, ,0
2326,Karnataka,Koppal,KARADI SANGANNA AMARAPPA,M,59.0,GEN,BJP,486188,195,486383,1535105, ,0
2327,Karnataka,Koppal,BASAVARAJ HITNAL,M,66.0,GEN,INC,453873,96,453969,1535105, ,-32414
2345,Karnataka,Bellary,B. SREERAMULU,M,43.0,ST,BJP,534213,193,534406,1487945, ,0
2346,Karnataka,Bellary,N.Y. HANUMANTAPPA,M,74.0,ST,INC,449155,107,449262,1487945, ,-85144
2356,Karnataka,Haveri,UDASI SHIVAKUMAR CHANNABASAPPA,M,47.0,GEN,BJP,566454,336,566790,1558749, ,0
2358,Karnataka,Haveri,SALEEM  AHMED,M,50.0,GEN,INC,479076,143,479219,1558749, ,-87571
2377,Karnataka,Dharwad,PRALHAD JOSHI,M,51.0,GEN,BJP,544857,538,545395,1578125, ,0
2379,Karnataka,Dharwad,VINAY KULKARNI,M,47.0,GEN,INC,431509,229,431738,1578125, ,-113657
2394,Karnataka,Uttara Kannada,ANANTKUMAR HEGDE,M,46.0,GEN,BJP,546476,463,546939,1450599, ,0
2396,Karnataka,Uttara Kannada,PRASHANT R DESHPANDE,M,37.0,GEN,INC,406116,123,406239,1450599, ,-140700
2405,Karnataka,Davanagere,S.S. MALLIKARJUN,M,46.0,GEN,INC,501194,93,501287,1522712, ,-17607
2408,Karnataka,Davanagere,G M SIDDESHWARA,M,61.0,GEN,BJP,518624,270,518894,1522712, ,0
2425,Karnataka,Shimoga,MANJUNATH BHANDARY,M,52.0,GEN,INC,242846,65,242911,1562243, ,-363305
2426,Karnataka,Shimoga,B. S. YEDDYURAPPA,M,71.0,GEN,BJP,605654,562,606216,1562243, ,0
2437,Karnataka,Udupi Chikmagalur,K JAYAPRAKASH HEGDE,M,61.0,GEN,INC,399216,309,399525,1387294, ,-181643
2441,Karnataka,Udupi Chikmagalur,SHOBHA KARANDLAJE,F,47.0,GEN,BJP,580450,718,581168,1387294, ,0
2450,Karnataka,Hassan,H.D. DEVEGOWDA,M,81.0,GEN,JD(S),509601,240,509841,1561486, ,0
2451,Karnataka,Hassan,MANJU. A.,M,56.0,GEN,INC,409240,139,409379,1561486, ,-100462
2464,Karnataka,Dakshina Kannada,JANARDHANA POOJARY,M,76.0,GEN,INC,498972,58,499030,1565219, ,-143709
2465,Karnataka,Dakshina Kannada,NALIN KUMAR KATEEL,M,48.0,GEN,BJP,642452,287,642739,1565219, ,0
2479,Karnataka,Chitradurga,B.N.CHANDRAPPA,M,58.0,SC,INC,467372,139,467511,1661277, ,0
2480,Karnataka,Chitradurga,JANARDHANA SWAMY,M,46.0,SC,BJP,365963,257,366220,1661277, ,-101291
2497,Karnataka,Tumkur,G.S.BASAVARAJ,M,73.0,GEN,BJP,355394,433,355827,1518518, ,-74041
2498,Karnataka,Tumkur,MUDDAHANUMEGOWDA.S.P.,M,59.0,GEN,INC,429635,233,429868,1518518, ,0
2512,Karnataka,Mandya,C.S.PUTTARAJU,M,50.0,GEN,JD(S),523942,428,524370,1669262, ,0
2513,Karnataka,Mandya,RAMYA,F,31.0,GEN,INC,518568,284,518852,1669262, ,-5518
2528,Karnataka,Mysore,ADAGOORU H VISHWANATH,M,64.0,GEN,INC,471635,665,472300,1723134, ,-31608
2530,Karnataka,Mysore,PRATHAP SIMHA,M,37.0,GEN,BJP,502543,1365,503908,1723134, ,0
2544,Karnataka,Chamarajanagar,A. R. KRISHNA MURTHY,M,53.0,SC,BJP,426310,290,426600,1555781, ,-141182
2545,Karnataka,Chamarajanagar,R. DHRUVANARAYANA,M,53.0,SC,INC,567587,195,567782,1555781, ,0
2561,Karnataka,Bangalore Rural,MUNIRAJU GOWDA . P,M,35.0,GEN,BJP,421150,93,421243,2190398, ,-231480
2562,Karnataka,Bangalore Rural,D K SURESH,M,47.0,GEN,INC,652626,97,652723,2190398, ,0
2576,Karnataka,Bangalore North,C.NARAYANA SWAMY,M,65.0,GEN,INC,488356,206,488562,2401472, ,-229764
2578,Karnataka,Bangalore North,D.V SADANANDA GOWDA,M,61.0,GEN,BJP,717355,971,718326,2401472, ,0
2591,Karnataka,Bangalore central,P.C. MOHAN,M,50.0,GEN,BJP,556710,420,557130,1931456, ,0
2593,Karnataka,Bangalore central,RIZWAN ARSHAD,M,34.0,GEN,INC,419476,154,419630,1931456, ,-137500
2617,Karnataka,Bangalore South,ANANTH KUMAR,M,54.0,GEN,BJP,633312,504,633816,1998724, ,0
2619,Karnataka,Bangalore South,NANDAN NILEKANI,M,58.0,GEN,INC,404980,261,405241,1998724, ,-228575
2643,Karnataka,Chikkballapur,B N BACHE GOWDA,M,72.0,GEN,BJP,414254,1026,415280,1658410, ,-9520
2644,Karnataka,Chikkballapur,M VEERAPPA MOILY,M,74.0,GEN,INC,424491,309,424800,1658410, ,0
2662,Karnataka,Kolar,KOLAR KESAVA,M,42.0,SC,JD(S),370428,648,371076,1492977, ,-47850
2664,Karnataka,Kolar,K.H.MUNIYAPPA,M,67.0,SC,INC,418349,577,418926,1492977, ,0
2684,Kerala,Kasaragod,P KARUNAKARAN,M,69.0,GEN,CPM,384209,755,384964,1243730, ,0
2686,Kerala,Kasaragod,ADV. T SIDDIQUE,M,39.0,GEN,INC,377579,464,378043,1243730, ,-6921
2701,Kerala,Kannur,P K SREEMATHI TEACHER,F,64.0,GEN,CPM,426478,1144,427622,1170266, ,0
2702,Kerala,Kannur,K SUDHAKARAN,M,65.0,GEN,INC,419996,1060,421056,1170266, ,-6566
2711,Kerala,Vadakara,MULLAPPALLY RAMACHANDRAN,M,67.0,GEN,INC,415445,1034,416479,1182504, ,0
2713,Kerala,Vadakara,ADV.A.N.SHAMSEER,M,36.0,GEN,CPM,412055,1118,413173,1182504, ,-3306
2725,Kerala,Wayanad,M I SHANAVAS,M,62.0,GEN,INC,376751,284,377035,1249420, ,0
2726,Kerala,Wayanad,SATHYAN MOKERI,M,60.0,GEN,CPI,355764,401,356165,1249420, ,-20870
2740,Kerala,Kozhikode,M .K RAGHAVAN,M,61.0,GEN,INC,396219,1396,397615,1182484, ,0
2741,Kerala,Kozhikode,A.VIJAYARAGHAVAN,M,58.0,GEN,CPM,379655,1077,380732,1182484, ,-16883
2753,Kerala,Malappuram,E. AHAMED,M,76.0,GEN,IUML,437520,203,437723,1198444, ,0
2756,Kerala,Malappuram,P.K.SAINABA,F,51.0,GEN,CPM,242775,209,242984,1198444, ,-194739
2766,Kerala,Ponnani,E. T. MOHAMMED BASHEER,M,67.0,GEN,IUML,378409,94,378503,1180789, ,0
2773,Kerala,Ponnani,V.ABDURAHMAN,M,51.0,GEN,IND,352957,136,353093,1180789, ,-25410
2776,Kerala,Palakkad,M B RAJESH,M,43.0,GEN,CPM,412427,470,412897,1208726, ,0
2784,Kerala,Palakkad,M P VEERENDRAKUMAR,M,77.0,GEN,SJD,307287,310,307597,1208726, ,-105300
2793,Kerala,Alathur ,P.K.BIJU,M,39.0,SC,CPM,411310,498,411808,1216351, ,0
2795,Kerala,Alathur ,SHEEBA,F,31.0,SC,INC,373992,504,374496,1216351, ,-37312
2805,Kerala,Thrissur,C. N. JAYADEVAN,M,63.0,GEN,CPI,388774,435,389209,1275288, ,0
2807,Kerala,Thrissur,K. P. DHANAPALAN,M,64.0,GEN,INC,350593,389,350982,1275288, ,-38227
2821,Kerala,Chalakudy,P C CHACKO,M,67.0,GEN,INC,344222,334,344556,1150497, ,-13884
2830,Kerala,Chalakudy,INNOCENT,M,66.0,GEN,IND,358020,420,358440,1150497, ,0
2837,Kerala,Ernakulam,PROF. K.V. THOMAS,M,67.0,GEN,INC,353552,289,353841,1156492, ,0
2846,Kerala,Ernakulam,DR. CHRISTY FERNANDEZ,M,64.0,GEN,IND,266372,422,266794,1156492, ,-87047
2853,Kerala,Idukki,ADV.DEAN KURIAKOSE,M,32.0,GEN,INC,330755,722,331477,1158735, ,-50542
2862,Kerala,Idukki,ADV.JOICE GEORGE,M,44.0,GEN,IND,381638,381,382019,1158735, ,0
2870,Kerala,Kottayam,JOSE K. MANI,M,49.0,GEN,KEC(M),423463,731,424194,1161465, ,0
2871,Kerala,Kottayam,ADV.MATHEW T. THOMAS,M,52.0,GEN,JD(S),302981,614,303595,1161465, ,-120599
2882,Kerala,Alappuzha,C B CHANDRABABU,M,53.0,GEN,CPM,441571,1547,443118,1271324, ,-19407
2884,Kerala,Alappuzha,K C VENUGOPAL,M,51.0,GEN,INC,461101,1424,462525,1271324, ,0
2898,Kerala,Mavelikkara ,CHENGARA SURENDRAN,M,46.0,SC,CPI,368892,803,369695,1252668, ,-32737
2899,Kerala,Mavelikkara ,KODIKUNNIL SURESH,M,52.0,SC,INC,401485,947,402432,1252668, ,0
2906,Kerala,Pathanamthitta,ANTO ANTONY,M,57.0,GEN,INC,358435,407,358842,1323906, ,0
2915,Kerala,Pathanamthitta,ADV. PEELIPOSE THOMAS,M,64.0,GEN,IND,302173,478,302651,1323906, ,-56191
2924,Kerala,Kollam,M.A. BABY,M,59.0,GEN,CPM,369343,1536,370879,1219415, ,-37649
2926,Kerala,Kollam,N.K.PREMACHANDRAN,M,53.0,GEN,RSP,407021,1507,408528,1219415, ,0
2937,Kerala,Attingal,ADV.BINDHU KRISHNA,F,41.0,GEN,INC,321540,1560,323100,1251398, ,-69378
2938,Kerala,Attingal,DR.A .SAMPATH,M,51.0,GEN,CPM,391346,1132,392478,1251398, ,0
2953,Kerala,Thiruvananthapuram,O RAJAGOPAL,M,84.0,GEN,BJP,281818,518,282336,1272748, ,-15470
2954,Kerala,Thiruvananthapuram,DR. SHASHI THAROOR,M,58.0,GEN,INC,296319,1487,297806,1272748, ,0
2973,Madhya Pradesh,MORENA,ANOOP MISHRA,M,57.0,GEN,BJP,375526,41,375567,1702457, ,0
2975,Madhya Pradesh,MORENA,BRINDAWAN SINGH SIKARWAR,M,52.0,GEN,BSP,242586,0,242586,1702457, ,-132981
2991,Madhya Pradesh,BHIND,IMARTI DEVI,F,38.0,SC,INC,244505,8,244513,1600137, ,-159961
2992,Madhya Pradesh,BHIND,DR. BHAGIRATH PRASAD,M,66.0,SC,BJP,404417,57,404474,1600137, ,0
3002,Madhya Pradesh,GWALIOR,ASHOK SINGH,M,51.0,GEN,INC,412879,218,413097,1876965, ,-29699
3004,Madhya Pradesh,GWALIOR,NARENDRA SINGH TOMAR,M,56.0,GEN,BJP,442398,398,442796,1876965, ,0
3023,Madhya Pradesh,GUNA,JAIBHANSINGH PAWAIYA,M,57.0,GEN,BJP,395167,1077,396244,1605613, ,-120792
3024,Madhya Pradesh,GUNA,JYOTIRADITYA M SCINDIA,M,42.0,GEN,INC,516300,736,517036,1605613, ,0
3035,Madhya Pradesh,SAGAR,GOVIND SINGH RAJPUT,M,48.0,GEN,INC,361811,32,361843,1520322, ,-120737
3036,Madhya Pradesh,SAGAR,LAXMI NARAYAN YADAV,M,73.0,GEN,BJP,482462,118,482580,1520322, ,0
3046,Madhya Pradesh,TIKAMGARH,AHIRWAR DR. KAMLESH VERMA,M,36.0,SC,INC,214198,50,214248,1528863, ,-208731
3049,Madhya Pradesh,TIKAMGARH,DR. VIRENDRA KUMAR,M,60.0,SC,BJP,422636,343,422979,1528863, ,0
3061,Madhya Pradesh,DAMOH,PRAHALAD SINGH PATEL,M,54.0,GEN,BJP,512770,309,513079,1651614, ,0
3062,Madhya Pradesh,DAMOH,CHOUDHARY MAHENDRA PRATAP SINGH,M,52.0,GEN,INC,299680,100,299780,1651614, ,-213299
3071,Madhya Pradesh,KHAJURAHO,NAGENDRA SINGH,M,72.0,GEN,BJP,474814,152,474966,1702833, ,0
3072,Madhya Pradesh,KHAJURAHO,RAJA PATERIA,M,54.0,GEN,INC,227455,21,227476,1702833, ,-247490
3089,Madhya Pradesh,SATNA,AJAY  SINGH RAHUL BHAIYYA,M,58.0,GEN,INC,366567,33,366600,1458381, ,-8688
3090,Madhya Pradesh,SATNA,GANESH SINGH,M,51.0,GEN,BJP,375169,119,375288,1458381, ,0
3104,Madhya Pradesh,REWA,JANARDAN MISHRA,M,58.0,GEN,BJP,383246,74,383320,1544719, ,0
3106,Madhya Pradesh,REWA,SUNDERLAL TIWARI,M,56.0,GEN,INC,214572,22,214594,1544719, ,-168726
3119,Madhya Pradesh,SIDHI,INDRAJEET KUMAR,M,66.0,GEN,INC,367279,353,367632,1736048, ,-108046
3121,Madhya Pradesh,SIDHI,RITI PATHAK,F,36.0,GEN,BJP,475286,392,475678,1736048, ,0
3134,Madhya Pradesh,SHAHDOL,DALPAT SINGH PARASTE,M,61.0,ST,BJP,524876,543,525419,1561016, ,0
3137,Madhya Pradesh,SHAHDOL,RAJES NANDINI SINGH,F,57.0,ST,INC,283912,206,284118,1561016, ,-241301
3150,Madhya Pradesh,JABALPUR,RAKESH SINGH,M,53.0,GEN,BJP,564567,42,564609,1711621, ,0
3151,Madhya Pradesh,JABALPUR,VIVEK KRISHNA TANKHA,M,58.0,GEN,INC,355962,8,355970,1711621, ,-208639
3165,Madhya Pradesh,MANDLA,OMKAR SINGH MARKAM,M,36.0,ST,INC,474909,342,475251,1824702, ,-110469
3166,Madhya Pradesh,MANDLA,FAGGAN SINGH KULASTE,M,54.0,ST,BJP,584540,1180,585720,1824702, ,0
3177,Madhya Pradesh,BALAGHAT,BODHSINGH BHAGAT,M,58.0,GEN,BJP,479123,1471,480594,1629741, ,0
3179,Madhya Pradesh,BALAGHAT,HINA LIKHIRAM KAWRE,F,29.0,GEN,INC,384182,371,384553,1629741, ,-96041
3193,Madhya Pradesh,CHHINDWARA,KAMAL NATH,M,67.0,GEN,INC,559667,88,559755,1402038, ,0
3194,Madhya Pradesh,CHHINDWARA,CHOUDHARY CHANDRABHAN KUBER SINGH,M,53.0,GEN,BJP,443103,115,443218,1402038, ,-116537
3207,Madhya Pradesh,HOSHANGABAD,UDAY PRATAP SINGH,M,49.0,GEN,BJP,668201,927,669128,1568206, ,0
3208,Madhya Pradesh,HOSHANGABAD,"DEVENDRA PATEL ""GUDDU BHAIYA""",M,44.0,GEN,INC,278961,207,279168,1568206, ,-389960
3217,Madhya Pradesh,VIDISHA,LAKSHMAN SINGH,M,59.0,GEN,INC,303449,201,303650,1634039, ,-410698
3218,Madhya Pradesh,VIDISHA,SUSHMA SWARAJ,F,62.0,GEN,BJP,713556,792,714348,1634039, ,0
3229,Madhya Pradesh,BHOPAL,ALOK SANJAR,M,50.0,GEN,BJP,714081,97,714178,1957241, ,0
3230,Madhya Pradesh,BHOPAL,P C SHARMA (PRAKASH MANGILAL SHARMA ),M,65.0,GEN,INC,343471,11,343482,1957241, ,-370696
3258,Madhya Pradesh,RAJGARH,AMLABE NARAYAN SINGH,M,62.0,GEN,INC,367782,208,367990,1578757, ,-228737
3259,Madhya Pradesh,RAJGARH,RODMAL NAGAR,M,53.0,GEN,BJP,596201,526,596727,1578757, ,0
3266,Madhya Pradesh,DEWAS,MANOHAR UNTWAL,M,47.0,SC,BJP,664985,661,665646,1617111, ,0
3267,Madhya Pradesh,DEWAS,SAJJAN SINGH VERMA,M,62.0,SC,INC,405070,263,405333,1617111, ,-260313
3277,Madhya Pradesh,UJJAIN,PROF. CHINTAMANI MALVIYA,M,44.0,SC,BJP,640751,350,641101,1525481, ,0
3278,Madhya Pradesh,UJJAIN,PREMCHAND GUDDU,M,46.0,SC,INC,331263,175,331438,1525481, ,-309663
3291,Madhya Pradesh,MANDSOUR,MEENAKSHI NATARAJAN,F,40.0,GEN,INC,394470,216,394686,1626556, ,-303649
3292,Madhya Pradesh,MANDSOUR,SUDHIR GUPTA,M,54.0,GEN,BJP,697620,715,698335,1626556, ,0
3305,Madhya Pradesh,RATLAM,KANTILAL BHURIA,M,64.0,ST,INC,437098,425,437523,1702576, ,-108457
3306,Madhya Pradesh,RATLAM,DILEEPSINGH BHURIA,M,68.0,ST,BJP,544453,1527,545980,1702576, ,0
3317,Madhya Pradesh,DHAR,UMANG SINGHAR,M,40.0,ST,INC,453805,254,454059,1668441, ,-104328
3318,Madhya Pradesh,DHAR,SAVITRI THAKUR,F,35.0,ST,BJP,557816,571,558387,1668441, ,0
3325,Madhya Pradesh,INDORE,SATYANARAYAN PATEL,M,46.0,GEN,INC,387859,212,388071,2115303, ,-466901
3326,Madhya Pradesh,INDORE,SUMITRA MAHAJAN (TAI),F,70.0,GEN,BJP,854326,646,854972,2115303, ,0
3349,Madhya Pradesh,KHARGONE,RAMESH PATEL,M,40.0,ST,INC,391282,193,391475,1703272, ,-257879
3350,Madhya Pradesh,KHARGONE,SUBHASH PATEL,M,36.0,ST,BJP,648766,588,649354,1703272, ,0
3356,Madhya Pradesh,KHANDWA,ARUN SUBHASH CHANDRA YADAV,M,40.0,GEN,INC,457184,459,457643,1759417, ,-259714
3357,Madhya Pradesh,KHANDWA,NANDKUMAR SINGH CHOUHAN (NANDU BHAIYA),M,55.0,GEN,BJP,716164,1193,717357,1759417, ,0
3371,Madhya Pradesh,BETUL,"AJAY SHAH ""MAKRAI""",M,58.0,ST,INC,314901,136,315037,1607831, ,-328614
3372,Madhya Pradesh,BETUL,JYOTI DHURVE,F,47.0,ST,BJP,643318,333,643651,1607831, ,0
3380,Maharashtra,Nandurbar ,GAVIT MANIKRAO HODLYA,M,80.0,ST,INC,471643,938,472581,1672943, ,-106905
3381,Maharashtra,Nandurbar ,DR.GAVIT HEENA VIJAYKUMAR,F,26.0,ST,BJP,578166,1320,579486,1672943, ,0
3390,Maharashtra,Dhule,AMRISHBHAI RASIKLAL PATEL,M,62.0,GEN,INC,397578,1149,398727,1675367, ,-130723
3392,Maharashtra,Dhule,DR. BHAMRE SUBHASH RAMRAO,M,61.0,GEN,BJP,526821,2629,529450,1675367, ,0
3410,Maharashtra,Jalgaon,A.T. NANA PATIL,M,52.0,GEN,BJP,647387,386,647773,1707969, ,0
3412,Maharashtra,Jalgaon,ANNASAHEB DR.SATISH BHASKARRAO PATIL,M,56.0,GEN,NCP,264151,97,264248,1707969, ,-383525
3431,Maharashtra,Raver,KHADASE RAKSHA NIKHIL,F,26.0,GEN,BJP,605064,388,605452,1593389, ,0
3433,Maharashtra,Raver,MANISHDADA JAIN,M,45.0,GEN,NCP,287271,113,287384,1593389, ,-318068
3456,Maharashtra,Buldhana,INGLE KRUSHANARAO GANPATRAO,M,63.0,GEN,NCP,349534,32,349566,1595435, ,-159579
3457,Maharashtra,Buldhana,JADHAV PRATAPRAO GANPATRAO,M,53.0,GEN,SHS,508972,173,509145,1595435, ,0
3474,Maharashtra,Akola,DHOTRE SANJAY SHAMRAO,M,55.0,GEN,BJP,455996,476,456472,1672643, ,0
3475,Maharashtra,Akola,PATEL HIDAYAT ULLA BARKAT ULLA,M,55.0,GEN,INC,253055,301,253356,1672643, ,-203116
3481,Maharashtra,Amravati ,ADSUL ANANDRAO VITHOBA,M,66.0,SC,SHS,465363,1849,467212,1612739, ,0
3483,Maharashtra,Amravati ,NAVNEET RAVI RANA,F,28.0,SC,NCP,328556,724,329280,1612739, ,-137932
3502,Maharashtra,Wardha,MEGHE SAGAR DATTATRAYA,M,43.0,GEN,INC,321330,405,321735,1564552, ,-215783
3503,Maharashtra,Wardha,RAMDAS CHANDRABHANJI TADAS,M,62.0,GEN,BJP,536778,740,537518,1564552, ,0
3524,Maharashtra,Ramtek ,KRUPAL BALAJI TUMANE,M,48.0,SC,SHS,519214,678,519892,1677266, ,0
3525,Maharashtra,Ramtek ,MUKUL WASNIK,M,54.0,SC,INC,343886,215,344101,1677266, ,-175791
3547,Maharashtra,Nagpur ,GADKARI NITIN JAIRAM,M,56.0,GEN,BJP,586857,910,587767,1900784, ,0
3549,Maharashtra,Nagpur ,VILAS MUTTEMWAR,M,65.0,GEN,INC,302618,301,302919,1900784, ,-284848
3581,Maharashtra,Bhandara - gondiya,NANABHAU FALGUNRAO PATOLE,M,51.0,GEN,BJP,605686,443,606129,1655852, ,0
3582,Maharashtra,Bhandara - gondiya,PATEL PRAFUL MANOHARBHAI,M,57.0,GEN,NCP,456450,425,456875,1655852, ,-149254
3608,Maharashtra,Gadchiroli-Chimur,ASHOK MAHADEORAO NETE,M,50.0,ST,BJP,535616,366,535982,1468437, ,0
3610,Maharashtra,Gadchiroli-Chimur,DR. NAMDEO DALLUJI USENDI,M,44.0,ST,INC,298976,136,299112,1468437, ,-236870
3620,Maharashtra,Chandrapur,AHIR HANSRAJ GANGARAM,M,59.0,GEN,BJP,507503,546,508049,1753690, ,0
3622,Maharashtra,Chandrapur,DEOTALE SANJAY WAMANRAO,M,52.0,GEN,INC,271617,163,271780,1753690, ,-236269
3639,Maharashtra,Yavatmal-Washim,GAWALI BHAVANA PUNDLIKRAO,F,41.0,GEN,SHS,476930,975,477905,1755292, ,0
3642,Maharashtra,Yavatmal-Washim,ADV.SHIVAJIRAO SHIVARAMJI MOGHE,M,69.0,ST,INC,383639,450,384089,1755292, ,-93816
3668,Maharashtra,Hingoli ,RAJEEV SHANKARRAO SATAV,M,39.0,GEN,INC,466483,914,467397,1586194, ,0
3669,Maharashtra,Hingoli ,WANKHEDE SUBHASH BAPURAO,M,51.0,GEN,SHS,464729,1036,465765,1586194, ,-1632
3690,Maharashtra,Nanded,ASHOK SHANKARRAO CHAVAN,M,55.0,GEN,INC,491292,1783,493075,1687057, ,0
3691,Maharashtra,Nanded,D. B. PATIL,M,62.0,GEN,BJP,410454,1166,411620,1687057, ,-81455
3715,Maharashtra,Parbhani,JADHAV SANJAY (BANDU) HARIBHAU,M,47.0,GEN,SHS,578067,388,578455,1803792, ,0
3716,Maharashtra,Parbhani,BHAMBALE VIJAY MANIKRAO,M,39.0,GEN,NCP,451108,192,451300,1803792, ,-127155
3732,Maharashtra,Jalna,AUTADE VILAS KESHAVRAO,M,45.0,GEN,INC,384511,119,384630,1612056, ,-206798
3733,Maharashtra,Jalna,DANVE RAOSAHEB DADARAO,M,60.0,GEN,BJP,590849,579,591428,1612056, ,0
3755,Maharashtra,Aurangabad,CHANDRAKANT BHAURAO KHAIRE,M,62.0,GEN,SHS,520559,343,520902,1589395, ,0
3757,Maharashtra,Aurangabad,PATIL NITIN SURESH,M,44.0,GEN,INC,358812,90,358902,1589395, ,-162000
3783,Maharashtra,Dindori ,CHAVAN HARISHCHANDRA DEORAM,M,62.0,ST,BJP,542305,479,542784,1530208, ,0
3784,Maharashtra,Dindori ,DR. BHARATI PRAVIN PAWAR,F,35.0,ST,NCP,294995,170,295165,1530208, ,-247619
3794,Maharashtra,Nashik,GODSE HEMANT TUKARAM,M,43.0,GEN,SHS,493605,1130,494735,1593774, ,0
3795,Maharashtra,Nashik,CHHAGAN BHUJBAL,M,66.0,GEN,NCP,306726,673,307399,1593774, ,-187336
3812,Maharashtra,Palghar ,ADV. CHINTAMAN NAVASHA WANGA,M,63.0,ST,BJP,532996,205,533201,1578149, ,0
3815,Maharashtra,Palghar ,BALIRAM SUKUR JADHAV,M,57.0,ST,BVA,293569,112,293681,1578149, ,-239520
3822,Maharashtra,Bhiwandi,KAPIL MORESHWAR PATIL,M,53.0,GEN,BJP,410752,318,411070,1696584, ,0
3823,Maharashtra,Bhiwandi,PATIL VISHWANATH RAMCHANDRA,M,58.0,GEN,INC,301452,168,301620,1696584, ,-109450
3835,Maharashtra,Kalyan,ANAND PRAKASH PARANJPE,M,40.0,GEN,NCP,190006,137,190143,1922034, ,-250749
3838,Maharashtra,Kalyan,DR.SHRIKANT EKNATH SHINDE,M,27.0,GEN,SHS,440574,318,440892,1922034, ,0
3856,Maharashtra,Thane,SANJEEV GANESH NAIK,M,42.0,GEN,NCP,313860,205,314065,2073251, ,-281299
3857,Maharashtra,Thane,VICHARE RAJAN BABURAO,M,52.0,GEN,SHS,594804,560,595364,2073251, ,0
3881,Maharashtra,Mumbai North,GOPAL CHINAYYA SHETTY,M,60.0,GEN,BJP,663309,695,664004,1783870, ,0
3883,Maharashtra,Mumbai North,SANJAY BRIJKISHORLAL NIRUPAM,M,49.0,GEN,INC,217286,136,217422,1783870, ,-446582
3903,Maharashtra,Mumbai North West,KAMAT GURUDAS VASANT,M,59.0,GEN,INC,281683,109,281792,1775416, ,-183028
3904,Maharashtra,Mumbai North West,GAJANAN CHANDRAKANT KIRTIKAR,M,70.0,GEN,SHS,464522,298,464820,1775416, ,0
3918,Maharashtra,Mumbai North East,KIRIT  SOMAIYA,M,60.0,GEN,BJP,524895,390,525285,1668357, ,0
3920,Maharashtra,Mumbai North East,SANJAY DINA PATIL,M,45.0,GEN,NCP,208001,162,208163,1668357, ,-317122
3939,Maharashtra,Mumbai North central,DUTT PRIYA SUNIL,F,48.0,GEN,INC,291655,109,291764,1737084, ,-186771
3940,Maharashtra,Mumbai North central,POONAM MAHAJAN ALIAS POONAM VAJENDLA RAO,F,33.0,GEN,BJP,478264,271,478535,1737084, ,0
3962,Maharashtra,Mumbai South central,EKNATH M. GAIKWAD,M,74.0,GEN,INC,242701,127,242828,1447886, ,-138180
3963,Maharashtra,Mumbai South central,RAHUL RAMESH SHEWALE,M,41.0,GEN,SHS,380747,261,381008,1447886, ,0
3983,Maharashtra,Mumbai   South,ARVIND SAWANT,M,62.0,GEN,SHS,374079,530,374609,1485844, ,0
3984,Maharashtra,Mumbai   South,DEORA MILIND MURLI,M,38.0,GEN,INC,245850,195,246045,1485844, ,-128564
4003,Maharashtra,Raigad,ANANT GEETE,M,63.0,GEN,SHS,395951,227,396178,1532781, ,0
4004,Maharashtra,Raigad,TATKARE SUNIL DATTATREY,M,59.0,GEN,NCP,394007,61,394068,1532781, ,-2110
4016,Maharashtra,Maval,APPA ALIAS SHRIRANG CHANDU BARNE,M,50.0,GEN,SHS,512030,196,512226,1953741, ,0
4018,Maharashtra,Maval,JAGTAP LAXMANBHAU PANDURANG,M,51.0,GEN,PWPI,354730,99,354829,1953741, ,-157397
4034,Maharashtra,Pune,ANIL SHIROLE,M,63.0,GEN,BJP,569535,290,569825,1835835, ,0
4037,Maharashtra,Pune,DR.VISHWAJEET PATANGRAO KADAM,M,33.0,GEN,INC,253949,107,254056,1835835, ,-315769
4065,Maharashtra,Baramati,SUPRIYA SULE,F,44.0,GEN,NCP,521050,512,521562,1813553, ,0
4067,Maharashtra,Baramati,MAHADEV JAGANNATH JANKAR,M,44.0,GEN,RSPS,451155,688,451843,1813553, ,-69719
4074,Maharashtra,Shirur,ADHALRAO SHIVAJI DATTATREY,M,59.0,GEN,SHS,642828,587,643415,1824112, ,0
4076,Maharashtra,Shirur,NIKAM DEVDATTA JAYWANT,M,43.0,GEN,NCP,341375,226,341601,1824112, ,-301814
4090,Maharashtra,Ahmadnagar ,GANDHI DILIPKUMAR MANSUKHLAL,M,64.0,GEN,BJP,603976,1209,605185,1705005, ,0
4091,Maharashtra,Ahmadnagar ,RAJEEV APPASAHEB RAJALE,M,44.0,GEN,NCP,395569,494,396063,1705005, ,-209122
4103,Maharashtra,Shirdi,BHAUSAHEB RAJARAM WAKCHAURE,M,64.0,SC,INC,332712,302,333014,1462267, ,-199922
4105,Maharashtra,Shirdi,LOKHANDE SADASHIV KISAN,M,52.0,SC,SHS,532577,359,532936,1462267, ,0
4118,Maharashtra,Beed,DHAS SURESH RAMCHANDRA,M,44.0,GEN,NCP,499387,154,499541,1792652, ,-136454
4119,Maharashtra,Beed,MUNDE GOPINATHRAO PANDURANG,M,66.0,GEN,BJP,635426,569,635995,1792652, ,0
4158,Maharashtra,Osmanabad,GAIKWAD RAVINDRA VISHWANATH,M,54.0,GEN,SHS,606351,1348,607699,1759186, ,0
4160,Maharashtra,Osmanabad,PATIL PADMASINHA BAJIRAO,M,73.0,GEN,NCP,372586,788,373374,1759186, ,-234325
4187,Maharashtra,Latur ,BANSODE DATTATRAY GUNDERAO,M,68.0,SC,INC,362524,590,363114,1686957, ,-253395
4188,Maharashtra,Latur ,DR. SUNIL BALIRAM GAIKWAD,M,43.0,SC,BJP,614557,1952,616509,1686957, ,0
4205,Maharashtra,Solapur ,SHARAD BANSODE,M,46.0,SC,BJP,517176,703,517879,1702739, ,0
4206,Maharashtra,Solapur ,SHINDE SUSHILKUMAR SAMBHAJIRAO,M,73.0,SC,INC,367795,410,368205,1702739, ,-149674
4223,Maharashtra,Madha,MOHITE PATIL VIJAYSINH SHANKARRAO,M,69.0,GEN,NCP,489260,729,489989,1727322, ,0
4225,Maharashtra,Madha,SADABHAU RAMCHANDRA KHOT,M,48.0,GEN,SWP,464019,626,464645,1727322, ,-25344
4247,Maharashtra,Sangli,PATIL PRATIK PRAKASHBAPU,M,40.0,GEN,INC,370778,1493,372271,1649107, ,-239292
4249,Maharashtra,Sangli,SANJAYKAKA PATIL,M,49.0,GEN,BJP,609402,2161,611563,1649107, ,0
4265,Maharashtra,Satara,SHRIMANT CHH.  UDAYANRAJE PRATAPSINHA BHONSALE,M,48.0,GEN,NCP,522153,378,522531,1719998, ,0
4275,Maharashtra,Satara,PURUSHOTTAM JADHAV,M,50.0,GEN,IND,155789,148,155937,1719998, ,-366594
4285,Maharashtra,Ratnagiri - sindhudurg,NILESH NARAYAN RANE,M,33.0,GEN,INC,342999,38,343037,1367362, ,-150051
4286,Maharashtra,Ratnagiri - sindhudurg,VINAYAK BHAURAO RAUT,M,60.0,GEN,SHS,492900,188,493088,1367362, ,0
4296,Maharashtra,Kolhapur,DHANANJAY BHIMRAO MAHADIK,M,42.0,GEN,NCP,607184,481,607665,1758293, ,0
4297,Maharashtra,Kolhapur,SANJAY SADASHIV MANDALIK,M,49.0,GEN,SHS,573642,764,574406,1758293, ,-33259
4311,Maharashtra,Hatkanangle,AWADE KALLAPPA BABURAO,M,82.0,GEN,INC,461835,783,462618,1630604, ,-177810
4316,Maharashtra,Hatkanangle,RAJU SHETTY,M,46.0,GEN,SWP,639191,1237,640428,1630604, ,0
4325,Manipur,Inner manipur,DR. THOKCHOM MEINYA,M,69.0,GEN,INC,292085,17,292102,855360, ,0
4326,Manipur,Inner manipur,MOIRANGTHEM NARA,M,63.0,GEN,CPI,197420,8,197428,855360, ,-94674
4337,Manipur,Outer manipur,THANGSO BAITE,M,61.0,ST,INC,296618,152,296770,919009, ,0
4338,Manipur,Outer manipur,SOSO LORHO,M,72.0,ST,NPF,281121,12,281133,919009, ,-15637
4348,Meghalaya,Shillong,VINCENT H. PALA,M,46.0,ST,INC,209288,52,209340,980740, ,0
4352,Meghalaya,Shillong,PRECHARD B. M. BASAIAWMOIT,M,63.0,ST,IND,168940,21,168961,980740, ,-40379
4354,Meghalaya,Tura ,DARYL WILLIAM CH MOMIN,M,27.0,ST,INC,199568,17,199585,586501, ,-39716
4355,Meghalaya,Tura ,PURNO AGITOK SANGMA,M,66.0,ST,NPEP,239239,62,239301,586501, ,0
4357,Mizoram,MIZORAM,C. L. RUALA,M,78.0,ST,INC,209573,912,210485,702170, ,0
4359,Mizoram,MIZORAM,ROBERT ROMAWIA ROYTE,M,47.0,ST,IND,198203,6128,204331,702170, ,-6154
4361,Nagaland,Nagaland,NEIPHIU RIO,M,63.0,ST,NPF,712888,484,713372,1182972, ,0
4362,Nagaland,Nagaland,K. V. PUSA,M,59.0,ST,INC,313088,59,313147,1182972, ,-400225
4366,Punjab,Gurdaspur,PARTAP SINGH BAJWA,M,57.0,GEN,INC,346143,47,346190,1500337, ,-136065
4368,Punjab,Gurdaspur,VINOD KHANNA,M,68.0,GEN,BJP,482042,213,482255,1500337, ,0
4380,Punjab,Amritsar,CAPTAIN AMARINDER SINGH,M,72.0,GEN,INC,482854,22,482876,1477262, ,0
4381,Punjab,Amritsar,ARUN JAITLEY,M,61.0,GEN,BJP,380057,49,380106,1477262, ,-102770
4404,Punjab,Khadoor Sahib,HARMINDER SINGH GILL,M,50.0,GEN,INC,366742,21,366763,1563409, ,-100569
4405,Punjab,Khadoor Sahib,RANJIT SINGH BRAHMPURA,M,76.0,GEN,SAD,467238,94,467332,1563409, ,0
4421,Punjab,Jalandhar,SANTOKH SINGH CHAUDHARY,M,67.0,SC,INC,380467,12,380479,1551497, ,0
4423,Punjab,Jalandhar,PAWAN KUMAR TINU,M,47.0,SC,SAD,309478,20,309498,1551497, ,-70981
4447,Punjab,Hoshiarpur,MOHINDER SINGH KAYPEE,M,57.0,SC,INC,332927,134,333061,1485286, ,-13582
4448,Punjab,Hoshiarpur,VIJAY SAMPLA,M,52.0,SC,BJP,346341,302,346643,1485286, ,0
4464,Punjab,Anandpur Sahib,AMBIKA SONI,F,71.0,GEN,INC,323660,37,323697,1564721, ,-23697
4466,Punjab,Anandpur Sahib,PREM SINGH CHANDUMAJRA,M,64.0,GEN,SAD,347347,47,347394,1564721, ,0
4486,Punjab,Ludhiana,RAVNEET SINGH BITTU,M,38.0,GEN,INC,300424,35,300459,1561201, ,0
4488,Punjab,Ludhiana,HARVINDER SINGH PHOOLKA,M,58.0,GEN,AAAP,280635,115,280750,1561201, ,-19709
4507,Punjab,Fatehgarh Sahib,SADHU SINGH,M,54.0,SC,INC,313128,21,313149,1396957, ,-54144
4511,Punjab,Fatehgarh Sahib,HARINDER SINGH KHALSA,M,67.0,SC,AAAP,367231,62,367293,1396957, ,0
4525,Punjab,Faridkot,PARAMJIT KAUR GULSHAN,F,65.0,SC,SAD,277956,279,278235,1455075, ,-172516
4527,Punjab,Faridkot,PROF. SADHU SINGH,M,72.0,SC,AAAP,450632,119,450751,1455075, ,0
4542,Punjab,Firozpur,SUNIL JAKHAR,M,60.0,GEN,INC,456401,111,456512,1522111, ,-31420
4543,Punjab,Firozpur,SHER SINGH GHUBAYA,M,51.0,SC,SAD,487737,195,487932,1522111, ,0
4558,Punjab,Bathinda,HARSIMRAT KAUR BADAL,F,47.0,GEN,SAD,514562,165,514727,1525289, ,0
4560,Punjab,Bathinda,MANPREET SINGH BADAL S/O GURDAS SINGH,M,52.0,GEN,INC,495232,100,495332,1525289, ,-19395
4588,Punjab,Sangrur,SUKHDEV SINGH DHINDSA,M,75.0,GEN,SAD,321471,45,321516,1424743, ,-211721
4598,Punjab,Sangrur,BHAGWANT MANN,M,40.0,GEN,AAAP,533191,46,533237,1424743, ,0
4612,Punjab,Patiala,PRENEET KAUR,F,69.0,GEN,INC,344715,14,344729,1580273, ,-20942
4617,Punjab,Patiala,DR. DHARAM VIRA GANDHI,M,63.0,GEN,AAAP,365644,27,365671,1580273, ,0
4631,Rajasthan,Ganganagar,NIHALCHAND,M,43.0,SC,BJP,654306,3824,658130,1718414, ,0
4633,Rajasthan,Ganganagar,MASTER BHANWARLAL MEGHWAL,M,66.0,SC,INC,365698,691,366389,1718414, ,-291741
4649,Rajasthan,Bikaner,ARJUN RAM MEGHWAL ,M,60.0,SC,BJP,583455,1477,584932,1592355, ,0
4651,Rajasthan,Bikaner,ER. SHANKAR PANNU,M,64.0,SC,INC,276617,236,276853,1592355, ,-308079
4658,Rajasthan,Churu,ABHINESH MAHARSHI,M,51.0,GEN,BSP,300508,509,301017,1753825, ,-294739
4661,Rajasthan,Churu,RAHUL KASWAN ,M,37.0,GEN,BJP,593163,2593,595756,1753825, ,0
4672,Rajasthan,Jhunjhunu,RAJ BALA OLA,F,61.0,GEN,INC,253495,852,254347,1697470, ,-233835
4673,Rajasthan,Jhunjhunu,SANTOSH AHLAWAT,F,57.0,GEN,BJP,484630,3552,488182,1697470, ,0
4686,Rajasthan,Sikar,PRATAP SINGH JAT,M,66.0,GEN,INC,259374,858,260232,1769882, ,-239196
4687,Rajasthan,Sikar,SUMEDHANAND SARASWATI ,M,62.0,GEN,BJP,496393,3035,499428,1769882, ,0
4700,Rajasthan,Jaipur Rural,DR. C.P. JOSHI,M,63.0,GEN,INC,298208,1826,300034,1700307, ,-332896
4701,Rajasthan,Jaipur Rural,RAJYAVARDHAN SINGH RATHORE ,M,44.0,GEN,BJP,629447,3483,632930,1700307, ,0
4715,Rajasthan,Jaipur,DR. MAHESH JOSHI,M,59.0,GEN,INC,323031,982,324013,1957820, ,-539345
4716,Rajasthan,Jaipur,RAMCHARAN BOHARA,M,56.0,GEN,BJP,859973,3385,863358,1957820, ,0
4731,Rajasthan,Alwar,CHAND NATH,M,58.0,GEN,BJP,640481,1797,642278,1626442, ,0
4732,Rajasthan,Alwar,BHANWAR JITENDRA SINGH,M,42.0,GEN,INC,357609,774,358383,1626442, ,-283895
4750,Rajasthan,BHARATPUR,BAHADUR SINGH KOLI,M,56.0,SC,BJP,577863,1962,579825,1690705, ,0
4752,Rajasthan,BHARATPUR,DR.SURESH JATAV,M,57.0,SC,INC,333619,738,334357,1690705, ,-245468
4764,Rajasthan,KARAULI-DHOLPUR,MANOJ RAJORIYA,M,43.0,SC,BJP,401921,486,402407,1549468, ,0
4765,Rajasthan,KARAULI-DHOLPUR,LAKKHIRAM,M,44.0,SC,INC,374828,363,375191,1549468, ,-27216
4780,Rajasthan,Dausa,HARISH CHANDRA MEENA ,M,59.0,ST,BJP,314334,725,315059,1524100, ,0
4781,Rajasthan,Dausa,DR. KIRODI LAL,M,62.0,ST,NPEP,269032,623,269655,1524100, ,-45404
4793,Rajasthan,TONK-SAWAI MADHOPUR,MOHAMMED AZHARUDDIN,M,51.0,GEN,INC,412836,195,413031,1710775, ,-135506
4794,Rajasthan,TONK-SAWAI MADHOPUR,SUKHBIR SINGH JAUNAPURIA ,M,56.0,GEN,BJP,548146,391,548537,1710775, ,0
4817,Rajasthan,Ajmer,SACHIN PILOT,M,36.0,GEN,INC,465072,819,465891,1683261, ,-171983
4818,Rajasthan,Ajmer,SANWAR LAL JAT ,M,59.0,GEN,BJP,635990,1884,637874,1683261, ,0
4830,Rajasthan,Nagaur,C R CHOUDHARY,M,66.0,GEN,BJP,412745,2046,414791,1678660, ,0
4831,Rajasthan,Nagaur,DR JYOTI MIRDHA,F,41.0,GEN,INC,338748,825,339573,1678660, ,-75218
4843,Rajasthan,Pali,P P CHAUDHARY,M,60.0,GEN,BJP,708015,3757,711772,1902094, ,0
4845,Rajasthan,Pali,MUNNI DEVI GODARA,F,40.0,GEN,INC,311506,1227,312733,1902094, ,-399039
4857,Rajasthan,Jodhpur,GAJENDRASINGH SHEKHAWAT ,M,48.0,GEN,BJP,708060,5455,713515,1727791, ,0
4859,Rajasthan,Jodhpur,CHANDRESH KUMARI,F,69.0,GEN,INC,302031,1433,303464,1727791, ,-410051
4872,Rajasthan,Barmer,COL. SONA RAM,M,73.0,GEN,BJP,487437,1310,488747,1680152, ,0
4877,Rajasthan,Barmer,JASWANT SINGH,M,77.0,GEN,IND,400039,1247,401286,1680152, ,-87461
4883,Rajasthan,Jalore,ANJANA UDAI LAL,M,64.0,GEN,INC,199343,20,199363,1824968, ,-381145
4885,Rajasthan,Jalore,DEVJI PATEL ,M,37.0,GEN,BJP,580304,204,580508,1824968, ,0
4900,Rajasthan,Udaipur,ARJUNLAL MEENA ,M,49.0,ST,BJP,657260,3113,660373,1817940, ,0
4902,Rajasthan,Udaipur,RAGHUVIR SINGH,M,55.0,ST,INC,422816,795,423611,1817940, ,-236762
4909,Rajasthan,Banswara,MANSHANKAR NINAMA ,M,58.0,ST,BJP,575782,1651,577433,1698244, ,0
4910,Rajasthan,Banswara,RESHAM MALVIYA,F,49.0,ST,INC,485096,421,485517,1698244, ,-91916
4916,Rajasthan,Chittorgarh,GIRIJA VYAS,F,67.0,GEN,INC,385733,646,386379,1819506, ,-316857
4917,Rajasthan,Chittorgarh,CHANDRA PRAKASH JOSHI,M,38.0,GEN,BJP,701190,2046,703236,1819506, ,0
4931,Rajasthan,Rajsamand,GOPAL SINGH SHEKHAWAT,M,63.0,GEN,INC,248331,758,249089,1701194, ,-395705
4933,Rajasthan,Rajsamand,HARIOM SINGH RATHORE,M,56.0,GEN,BJP,641020,3774,644794,1701194, ,0
4944,Rajasthan,Bhilwara,ASHOK CHANDNA,M,29.0,GEN,INC,383403,650,384053,1754901, ,-246264
4946,Rajasthan,Bhilwara,SUBHASH BAHERIA,M,57.0,GEN,BJP,629117,1200,630317,1754901, ,0
4957,Rajasthan,Kota,IJYARAJ SINGH,M,49.0,GEN,INC,442492,1548,444040,1744539, ,-200782
4958,Rajasthan,Kota,OM BIRLA ,M,51.0,GEN,BJP,641365,3457,644822,1744539, ,0
4970,Rajasthan,JHALAWAR-BARAN,DUSHYANT SINGH,M,43.0,GEN,BJP,676022,80,676102,1669844, ,0
4971,Rajasthan,JHALAWAR-BARAN,PRAMOD BHAYA,M,49.0,GEN,INC,394514,42,394556,1669844, ,-281546
4978,Sikkim,Sikkim,PREM DAS RAI,M,59.0,GEN,SDF,159704,3994,163698,370770, ,0
4981,Sikkim,Sikkim,TEK NATH DHAKAL,M,61.0,GEN,SKM,117071,4885,121956,370770, ,-41742
4986,Tamil Nadu,Thiruvallur ,VENUGOPAL.P.(DR),M,61.0,SC,ADMK,628370,129,628499,1702833, ,0
4990,Tamil Nadu,Thiruvallur ,RAVIKUMAR.D,M,53.0,SC,VCK,304938,131,305069,1702833, ,-323430
4998,Tamil Nadu,Chennai North,GIRIRAJAN .R,M,52.0,GEN,DMK,306687,313,307000,1422392, ,-99704
5002,Tamil Nadu,Chennai North,VENKATESH BABU .T.G,M,53.0,GEN,ADMK,406552,152,406704,1422392, ,0
5046,Tamil Nadu,Chennai South,DR. J. JAYAVARDHAN,M,26.0,GEN,ADMK,434229,311,434540,1795776, ,0
5059,Tamil Nadu,Chennai South,T.K.S.ELANGOVAN,M,59.0,GEN,DMK,298427,538,298965,1795776, ,-135575
5083,Tamil Nadu,Chennai central,S.R. VIJAYAKUMAR,M,40.0,GEN,ADMK,333103,193,333296,1328038, ,0
5090,Tamil Nadu,Chennai central,DAYANIDHI MARAN,M,47.0,GEN,DMK,286980,475,287455,1328038, ,-45841
5104,Tamil Nadu,Sriperumbudur,"RAMACHANDRAN, K.N. THIRU",M,59.0,GEN,ADMK,545643,177,545820,1946503, ,0
5106,Tamil Nadu,Sriperumbudur,"JAGATHRAKSHAKAN, S. THIRU",M,66.0,GEN,DMK,442906,268,443174,1946503, ,-102646
5126,Tamil Nadu,Kancheepuram ,SELVAM  G,M,40.0,SC,DMK,351851,678,352529,1480123, ,-146866
5127,Tamil Nadu,Kancheepuram ,MARAGATHAM  K,F,32.0,SC,ADMK,499010,385,499395,1480123, ,0
5137,Tamil Nadu,Arakkonam,"HARI, G.",M,53.0,GEN,ADMK,492667,867,493534,1401813, ,0
5138,Tamil Nadu,Arakkonam,"ELANGO, N.R",M,47.0,GEN,DMK,252073,695,252768,1401813, ,-240766
5165,Tamil Nadu,Vellore,"SHANMUGAM, A.C.",M,63.0,GEN,BJP,324058,268,324326,1312259, ,-59393
5166,Tamil Nadu,Vellore,"SENGUTTUVAN, B.",M,57.0,GEN,ADMK,383583,136,383719,1312259, ,0
5190,Tamil Nadu,Krishnagiri,ASHOK KUMAR.K,M,60.0,GEN,ADMK,480441,50,480491,1379957, ,0
5192,Tamil Nadu,Krishnagiri,CHINNA PILLAPPA.P,M,54.0,GEN,DMK,273876,24,273900,1379957, ,-206591
5207,Tamil Nadu,Dharmapuri,MOHAN.P.S,M,62.0,GEN,ADMK,390718,330,391048,1358273, ,-77146
5210,Tamil Nadu,Dharmapuri,ANBUMANI RAMADOSS,M,45.0,GEN,PMK,467775,419,468194,1358273, ,0
5222,Tamil Nadu,Tiruvannamalai,ANNADURAI C N,M,41.0,GEN,DMK,330266,1879,332145,1352966, ,-168606
5225,Tamil Nadu,Tiruvannamalai,VANAROJA R,F,55.0,GEN,ADMK,499337,1414,500751,1352966, ,0
5247,Tamil Nadu,Arani,V.ELUMALAI,M,58.0,GEN,ADMK,501662,1059,502721,1369668, ,0
5249,Tamil Nadu,Arani,SIVANANDAM.R,M,65.0,GEN,DMK,257516,1361,258877,1369668, ,-243844
5270,Tamil Nadu,Viluppuram,MUTHAIYAN K DR,M,54.0,SC,DMK,287834,1503,289337,1387007, ,-193367
5272,Tamil Nadu,Viluppuram,RAJENDRAN S,M,57.0,SC,ADMK,481296,1408,482704,1387007, ,0
5289,Tamil Nadu,Kallakurichi,KAMARAJ. K,M,48.0,GEN,ADMK,531365,2018,533383,1412499, ,0
5292,Tamil Nadu,Kallakurichi,MANIMARAN. R,M,51.0,GEN,DMK,308537,1339,309876,1412499, ,-223507
5311,Tamil Nadu,Salem,UMARANI. S,F,54.0,GEN,DMK,288552,384,288936,1498350, ,-267610
5313,Tamil Nadu,Salem,PANNERSELVAM.V,M,55.0,GEN,ADMK,556061,485,556546,1498350, ,0
5337,Tamil Nadu,Namakkal,GANDHISELVAN.S,M,50.0,GEN,DMK,268411,487,268898,1329552, ,-294374
5338,Tamil Nadu,Namakkal,SUNDARAM P.R,M,62.0,GEN,ADMK,562899,373,563272,1329552, ,0
5365,Tamil Nadu,Erode,SELVAKUMARA CHINNAYAN S,M,55.0,GEN,ADMK,466382,613,466995,1321399, ,0
5368,Tamil Nadu,Erode,GANESHAMURTHI.A,M,66.0,GEN,MDMK,254758,674,255432,1321399, ,-211563
5381,Tamil Nadu,Tiruppur,V.SATHYABAMA,F,42.0,GEN,ADMK,442300,478,442778,1375589, ,0
5384,Tamil Nadu,Tiruppur,N.DINESHKUMAR,M,35.0,GEN,DMDK,263052,411,263463,1375589, ,-179315
5406,Tamil Nadu,Nilgiris ,"RAJA, A.",M,50.0,SC,DMK,357274,1486,358760,1269173, ,-104940
5409,Tamil Nadu,Nilgiris ,"GOPALAKRISHNAN, C.",M,52.0,SC,ADMK,463270,430,463700,1269173, ,0
5420,Tamil Nadu,Coimbatore,"NAGARAJAN, P.",M,52.0,GEN,ADMK,430909,808,431717,1720221, ,0
5422,Tamil Nadu,Coimbatore,"RADHAKRISHNAN, C.P.",M,56.0,GEN,BJP,388911,790,389701,1720221, ,-42016
5443,Tamil Nadu,Pollachi,ESWARAN.E.R.,M,46.0,GEN,BJP,275356,762,276118,1381505, ,-140974
5446,Tamil Nadu,Pollachi,MAHENDRAN.C,M,42.0,GEN,ADMK,416366,726,417092,1381505, ,0
5462,Tamil Nadu,Dindigul,UDHAYA KUMAR .M,M,45.0,GEN,ADMK,510009,453,510462,1400531, ,0
5463,Tamil Nadu,Dindigul,GANDHIRAJAN S,M,63.0,GEN,DMK,381992,625,382617,1400531, ,-127845
5482,Tamil Nadu,Karur,"CHINNASAMY, M.",M,68.0,GEN,DMK,344597,878,345475,1298322, ,-195247
5483,Tamil Nadu,Karur,"THAMBIDURAI,M.",M,67.0,GEN,ADMK,539128,1594,540722,1298322, ,0
5507,Tamil Nadu,Tiruchirappalli,ANBHALAGAN.MU,M,58.0,GEN,DMK,306968,1034,308002,1387140, ,-150476
5508,Tamil Nadu,Tiruchirappalli,KUMAR.P,M,42.0,GEN,ADMK,457377,1101,458478,1387140, ,0
5540,Tamil Nadu,Perambalur,"SEEMANUR  PRABU, S.",M,44.0,GEN,DMK,248661,984,249645,1285576, ,-213048
5541,Tamil Nadu,Perambalur,"MARUTHARAJAA, R.P.",M,51.0,GEN,ADMK,462077,616,462693,1285576, ,0
5559,Tamil Nadu,Cuddalore ,ARUNMOZHITHEVAN.A,M,45.0,GEN,ADMK,480352,1077,481429,1247908, ,0
5562,Tamil Nadu,Cuddalore ,NANDAGOPALAKRISHNAN.K.,M,73.0,GEN,DMK,277693,611,278304,1247908, ,-203125
5578,Tamil Nadu,Chidambaram ,"CHANDRAKASI, M",M,45.0,SC,ADMK,428858,678,429536,1366190, ,0
5582,Tamil Nadu,Chidambaram ,"THIRUMAAVALAVAN, THOL",M,51.0,SC,VCK,300351,690,301041,1366190, ,-128495
5593,Tamil Nadu,Mayiladuthurai,BHARATHI MOHAN R.K,M,47.0,GEN,ADMK,512756,973,513729,1350318, ,0
5598,Tamil Nadu,Mayiladuthurai,HYDER ALI.S,M,57.0,GEN,MAMAK,236052,627,236679,1350318, ,-277050
5613,Tamil Nadu,Nagapattinam ,GOPAL. DR. K,M,54.0,SC,ADMK,433242,932,434174,1210626, ,0
5617,Tamil Nadu,Nagapattinam ,VIJAYAN. A.K.S,M,52.0,SC,DMK,326968,1127,328095,1210626, ,-106079
5626,Tamil Nadu,Thanjavur,PARASURAMAN.K,M,53.0,GEN,ADMK,509587,720,510307,1340050, ,0
5627,Tamil Nadu,Thanjavur,BAALU.T.R,M,72.0,GEN,DMK,364449,1739,366188,1340050, ,-144119
5638,Tamil Nadu,Sivaganga,SENTHILNATHAN PR,M,46.0,GEN,ADMK,475726,267,475993,1412373, ,0
5639,Tamil Nadu,Sivaganga,DHURAI RAAJ SUBHA,M,65.0,GEN,DMK,246199,409,246608,1412373, ,-229385
5664,Tamil Nadu,Madurai,R.GOPALAKRISHNAN,M,45.0,GEN,ADMK,453366,419,453785,1441434, ,0
5669,Tamil Nadu,Madurai,V VELUSAMY,M,65.0,GEN,DMK,254064,297,254361,1441434, ,-199424
5698,Tamil Nadu,Theni ,"PARTHIPAN, R.",M,50.0,GEN,ADMK,570919,335,571254,1441302, ,0
5699,Tamil Nadu,Theni ,PON. MUTHURAMALINGAM,M,73.0,GEN,DMK,256501,221,256722,1441302, ,-314532
5724,Tamil Nadu,Virudhunagar,RADHAKRISHNAN T,M,59.0,GEN,ADMK,406232,462,406694,1350495, ,0
5730,Tamil Nadu,Virudhunagar,VAIKO,M,69.0,GEN,MDMK,260317,826,261143,1350495, ,-145551
5747,Tamil Nadu,Ramanathapuram,ANWAR RAAJHAA. A ,M,65.0,GEN,ADMK,405470,475,405945,1455988, ,0
5748,Tamil Nadu,Ramanathapuram,MOHAMED JALEEL.S,M,69.0,GEN,DMK,286020,601,286621,1455988, ,-119324
5782,Tamil Nadu,Thoothukkudi,JEGAN. P,M,34.0,GEN,DMK,241635,415,242050,1310406, ,-124002
5783,Tamil Nadu,Thoothukkudi,JEYASINGH THIYAGARAJ NATTERJEE.J,M,60.0,GEN,ADMK,365382,670,366052,1310406, ,0
5796,Tamil Nadu,Tenkasi ,VASANTHI.M,F,52.0,SC,ADMK,424009,577,424586,1382081, ,0
5798,Tamil Nadu,Tenkasi ,DR.KRISHNASAMY.K.,M,62.0,SC,PT,261757,1055,262812,1382081, ,-161774
5814,Tamil Nadu,Tirunelveli,DEVADASA SUNDARAM,M,73.0,GEN,DMK,271474,566,272040,1420435, ,-126099
5816,Tamil Nadu,Tirunelveli,PRABAKARAN.K.R.P,M,33.0,GEN,ADMK,397777,362,398139,1420435, ,0
5841,Tamil Nadu,Kanniyakumari,RADHAKRISHNAN P.,M,62.0,GEN,BJP,372572,334,372906,1467796, ,0
5844,Tamil Nadu,Kanniyakumari,VASANTHA KUMAR H.,M,63.0,GEN,INC,244099,145,244244,1467796, ,-128662
5867,Tripura,Tripura West,ARUNODAY SAHA,M,65.0,GEN,INC,167226,953,168179,1248546, ,-503486
5868,Tripura,Tripura West,SANKAR PRASAD DATTA,M,56.0,GEN,CPM,667086,4579,671665,1248546, ,0
5881,Tripura,Tripura East,JITENDRA CHAUDHURY,M,57.0,ST,CPM,620251,3520,623771,1140276, ,0
5883,Tripura,Tripura East,SACHITRA DEBBARMA,M,64.0,ST,INC,138743,670,139413,1140276, ,-484358
5894,Uttar Pradesh,Saharanpur,IMRAN MASOOD,M,43.0,GEN,INC,407816,93,407909,1608833, ,-65090
5896,Uttar Pradesh,Saharanpur,RAGHAV LAKHANPAL,M,39.0,GEN,BJP,472261,738,472999,1608833, ,0
5911,Uttar Pradesh,Kairana,NAHID HASAN,M,26.0,GEN,SP,329013,68,329081,1531767, ,-236828
5912,Uttar Pradesh,Kairana,HUKUM SINGH,M,75.0,GEN,BJP,565071,838,565909,1531767, ,0
5921,Uttar Pradesh,Muzaffarnagar,KADIR RANA,M,50.0,GEN,BSP,251528,713,252241,1588475, ,-401150
5924,Uttar Pradesh,Muzaffarnagar,(DR.) SANJEEV KUMAR BALYAN,M,41.0,GEN,BJP,649938,3453,653391,1588475, ,0
5942,Uttar Pradesh,Bijnor,KUNWAR BHARTENDRA,M,50.0,GEN,BJP,485625,1288,486913,1562081, ,0
5944,Uttar Pradesh,Bijnor,SHAHNAWAZ RANA,M,41.0,GEN,SP,280957,182,281139,1562081, ,-205774
5955,Uttar Pradesh,Nagina,YASHWANT SINGH,M,52.0,SC,BJP,367683,142,367825,1493419, ,0
5956,Uttar Pradesh,Nagina,YASHVIR SINGH,M,41.0,SC,SP,275400,35,275435,1493419, ,-92390
5972,Uttar Pradesh,Moradabad,KUNWER SARVESH KUMAR,M,62.0,GEN,BJP,484023,1201,485224,1771985, ,0
5973,Uttar Pradesh,Moradabad,DR S T HASAN,M,55.0,GEN,SP,397482,238,397720,1771985, ,-87504
5990,Uttar Pradesh,Rampur,NASEER AHMAD KHAN,M,76.0,GEN,SP,335179,2,335181,1616972, ,-23435
5991,Uttar Pradesh,Rampur,DR. NEPAL SINGH,M,74.0,GEN,BJP,358590,26,358616,1616972, ,0
6003,Uttar Pradesh,Sambhal,DR SHAFIQ- UR RAHMAN BARQ,M,81.0,GEN,SP,354774,294,355068,1693229, ,-5174
6004,Uttar Pradesh,Sambhal,SATYAPAL SINGH,M,40.0,GEN,BJP,359678,564,360242,1693229, ,0
6015,Uttar Pradesh,Amroha,KANWAR SINGH TANWAR,M,52.0,GEN,BJP,528796,84,528880,1544245, ,0
6018,Uttar Pradesh,Amroha,HUMERA AKHTAR,F,37.0,GEN,SP,370646,20,370666,1544245, ,-158214
6032,Uttar Pradesh,Meerut,RAJENDRA AGARWAL,M,64.0,GEN,BJP,531898,1083,532981,1764388, ,0
6033,Uttar Pradesh,Meerut,MOHD.SHAHID AKHLAK,M,45.0,GEN,BSP,300267,388,300655,1764388, ,-232326
6046,Uttar Pradesh,Baghpat,GHULAM MOHAMMED,M,61.0,GEN,SP,213557,52,213609,1505175, ,-209866
6048,Uttar Pradesh,Baghpat,DR. SATYA PAL SINGH,M,58.0,GEN,BJP,423108,367,423475,1505175, ,0
6061,Uttar Pradesh,Ghaziabad,RAJ BABBAR,M,63.0,GEN,INC,191188,34,191222,2357553, ,-567260
6062,Uttar Pradesh,Ghaziabad,VIJAY KUMAR SINGH,M,62.0,GEN,BJP,758113,369,758482,2357553, ,0
6076,Uttar Pradesh,Gautam Buddha Nagar,NARENDRA BHATI,M,55.0,GEN,SP,319349,141,319490,1986109, ,-280212
6077,Uttar Pradesh,Gautam Buddha Nagar,DR.MAHESH  SHARMA,M,54.0,GEN,BJP,599174,528,599702,1986109, ,0
6103,Uttar Pradesh,Bulandshahr,PRADEEP KUMAR JATAV,M,46.0,SC,BSP,182268,208,182476,1736436, ,-421973
6104,Uttar Pradesh,Bulandshahr,BHOLA SINGH,M,38.0,SC,BJP,603860,589,604449,1736436, ,0
6112,Uttar Pradesh,Aligarh,DR. ARVIND KUMAR SINGH,M,25.0,GEN,BSP,227884,2,227886,1793126, ,-286736
6115,Uttar Pradesh,Aligarh,SATISH KUMAR,M,42.0,GEN,BJP,514554,68,514622,1793126, ,0
6128,Uttar Pradesh,Hathras,MANOJ KUMAR SONI,M,40.0,SC,BSP,217887,4,217891,1758927, ,-326386
6129,Uttar Pradesh,Hathras,RAJESH KUMAR DIWAKER,M,43.0,SC,BJP,544252,25,544277,1758927, ,0
6138,Uttar Pradesh,Mathura,JAYANT CHAUDHARY,M,35.0,GEN,RLD,243884,6,243890,1682260, ,-330743
6140,Uttar Pradesh,Mathura,HEMA MALINI,F,65.0,GEN,BJP,574451,182,574633,1682260, ,0
6159,Uttar Pradesh,Agra,NARAYAN SINGH SUMAN,M,60.0,SC,BSP,283261,192,283453,1814739, ,-300263
6161,Uttar Pradesh,Agra,DR. RAM SHANKAR KATHERIA,M,49.0,SC,BJP,583141,575,583716,1814739, ,0
6175,Uttar Pradesh,Fatehpur Sikri,BABULAL,M,66.0,GEN,BJP,426189,400,426589,1580582, ,0
6177,Uttar Pradesh,Fatehpur Sikri,SEEMA UPADHYAY,F,50.0,GEN,BSP,253262,221,253483,1580582, ,-173106
6203,Uttar Pradesh,Firozabad,AKSHAY YADAV,M,27.0,GEN,SP,534573,10,534583,1636738, ,0
6206,Uttar Pradesh,Firozabad,PROF. S.P. SINGH BAGHEL,M,53.0,GEN,BJP,420502,22,420524,1636738, ,-114059
6219,Uttar Pradesh,Mainpuri,MULAYAM SINGH YADAV,M,74.0,GEN,SP,595455,463,595918,1653058, ,0
6220,Uttar Pradesh,Mainpuri,SHATRUGHAN SINGH CHAUHAN,M,55.0,GEN,BJP,231117,135,231252,1653058, ,-364666
6233,Uttar Pradesh,Etah,KU. DEVENDRA SINGH YADAV,M,65.0,GEN,SP,273921,56,273977,1577457, ,-201001
6235,Uttar Pradesh,Etah,RAJVEER SINGH (RAJU BHAIYA),M,53.0,GEN,BJP,474810,168,474978,1577457, ,0
6246,Uttar Pradesh,Badaun,DHARMENDRA YADAV,M,37.0,GEN,SP,498008,370,498378,1769145, ,0
6247,Uttar Pradesh,Badaun,VAGISH PATHAK,M,54.0,GEN,BJP,331807,224,332031,1769145, ,-166347
6261,Uttar Pradesh,Aonla,DHARMENDRA KUMAR,M,49.0,GEN,BJP,409533,374,409907,1653577, ,0
6263,Uttar Pradesh,Aonla,KUNWAR SARVRAJ SINGH,M,60.0,GEN,SP,271207,271,271478,1653577, ,-138429
6275,Uttar Pradesh,Bareilly,AYESHA ISLAM,F,27.0,GEN,SP,277473,100,277573,1664081, ,-240685
6279,Uttar Pradesh,Bareilly,SANTOSH KUMAR GANGWAR,M,64.0,GEN,BJP,517450,808,518258,1664081, ,0
6291,Uttar Pradesh,Pilibhit,BUDHSEN VERMA,M,54.0,GEN,SP,239850,32,239882,1671154, ,-307052
6292,Uttar Pradesh,Pilibhit,MANEKA SANJAY GANDHI,F,57.0,GEN,BJP,546815,119,546934,1671154, ,0
6303,Uttar Pradesh,Shahjahanpur,UMED SINGH KASHYAP,M,48.0,SC,BSP,289182,421,289603,1979294, ,-235529
6304,Uttar Pradesh,Shahjahanpur,KRISHNA RAJ,F,46.0,SC,BJP,524025,1107,525132,1979294, ,0
6320,Uttar Pradesh,Kheri,AJAY KUMAR,M,55.0,GEN,BJP,398563,15,398578,1679466, ,0
6321,Uttar Pradesh,Kheri,ARVIND GIRI,M,57.0,GEN,BSP,288301,3,288304,1679466, ,-110274
6329,Uttar Pradesh,Dhaurahra,REKHA,F,39.0,GEN,BJP,360223,134,360357,1558041, ,0
6335,Uttar Pradesh,Dhaurahra,DAUD AHMAD,M,45.0,GEN,BSP,234562,120,234682,1558041, ,-125675
6345,Uttar Pradesh,Sitapur,KAISER JAHAN,F,40.0,GEN,BSP,366333,186,366519,1550263, ,-51027
6347,Uttar Pradesh,Sitapur,RAJESH VERMA,M,53.0,GEN,BJP,417215,331,417546,1550263, ,0
6362,Uttar Pradesh,Hardoi,ANSHUL VERMA,M,39.0,SC,BJP,360473,28,360501,1714388, ,0
6364,Uttar Pradesh,Hardoi,SHIVE PRASAD VERMA,M,64.0,SC,BSP,279158,0,279158,1714388, ,-81343
6378,Uttar Pradesh,Misrikh,ANJU BALA,F,34.0,SC,BJP,412468,107,412575,1725589, ,0
6379,Uttar Pradesh,Misrikh,ASHOK KUMAR RAWAT,M,47.0,SC,BSP,325139,73,325212,1725589, ,-87363
6393,Uttar Pradesh,Unnao,ARUN SHANKAR SHUKLA,M,56.0,GEN,SP,208485,176,208661,2164392, ,-310173
6396,Uttar Pradesh,Unnao,SAKSHI MAHARAJ,M,58.0,GEN,BJP,518039,795,518834,2164392, ,0
6415,Uttar Pradesh,Mohanlalganj,KAUSHAL KISHORE,M,53.0,SC,BJP,454392,882,455274,1838194, ,0
6416,Uttar Pradesh,Mohanlalganj,R.K CHAUDHARY,M,55.0,SC,BSP,309407,451,309858,1838194, ,-145416
6436,Uttar Pradesh,Lucknow,RAJ NATH SINGH,M,62.0,GEN,BJP,559033,2073,561106,1949956, ,0
6437,Uttar Pradesh,Lucknow,PROF. RITA BAHUGUNA JOSHI,F,64.0,GEN,INC,287851,506,288357,1949956, ,-272749
6464,Uttar Pradesh,Rae Bareli,AJAY AGRAWAL,M,49.0,GEN,BJP,173716,5,173721,1594954, ,-352713
6466,Uttar Pradesh,Rae Bareli,SONIA GANDHI,F,67.0,GEN,INC,526433,1,526434,1594954, ,0
6483,Uttar Pradesh,Amethi,RAHUL GANDHI,M,43.0,GEN,INC,408650,1,408651,1669843, ,0
6484,Uttar Pradesh,Amethi,SMRITI IRANI,F,38.0,GEN,BJP,300747,1,300748,1669843, ,-107903
6518,Uttar Pradesh,Sultanpur,PAWAN PANDEY,M,46.0,GEN,BSP,231428,18,231446,1703698, ,-178902
6519,Uttar Pradesh,Sultanpur,FEROZE VARUN GANDHI,M,34.0,GEN,BJP,410317,31,410348,1703698, ,0
6533,Uttar Pradesh,Pratapgarh,ASIF NIZAMUDDIN SIDDIQUE,M,43.0,GEN,BSP,207182,385,207567,1716394, ,-168222
6544,Uttar Pradesh,Pratapgarh,KUWAR HARIVANSH SINGH,M,64.0,GEN,AD,375099,690,375789,1716394, ,0
6550,Uttar Pradesh,Farrukhabad,MUKESH RAJPUT,M,45.0,GEN,BJP,406137,58,406195,1613781, ,0
6551,Uttar Pradesh,Farrukhabad,RAMESHWAR SINGH YADAV,M,62.0,GEN,SP,255641,52,255693,1613781, ,-150502
6573,Uttar Pradesh,Etawah,ASHOK KUMAR DOHAREY,M,43.0,SC,BJP,438762,884,439646,1707237, ,0
6574,Uttar Pradesh,Etawah,PREMDAS KATERIYA,M,54.0,SC,SP,266321,379,266700,1707237, ,-172946
6583,Uttar Pradesh,Kannauj,DIMPLE YADAV,F,36.0,GEN,SP,488946,218,489164,1808886, ,0
6585,Uttar Pradesh,Kannauj,SUBRAT PATHAK,M,34.0,GEN,BJP,468982,275,469257,1808886, ,-19907
6596,Uttar Pradesh,Kanpur,DR.MURLI MANOHAR JOSHI,M,80.0,GEN,BJP,474487,225,474712,1611248, ,0
6599,Uttar Pradesh,Kanpur,SRIPRAKASH JAISWAL,M,69.0,GEN,INC,251694,72,251766,1611248, ,-222946
6618,Uttar Pradesh,Akbarpur,ANIL SHUKLA WARSI,M,57.0,GEN,BSP,202500,87,202587,1768635, ,-278997
6619,Uttar Pradesh,Akbarpur,DEVENDRA SINGH @ BHOLE SINGH,M,60.0,GEN,BJP,481379,205,481584,1768635, ,0
6638,Uttar Pradesh,Jalaun,BRIJLAL KHABRI,M,51.0,SC,BSP,261360,69,261429,1887189, ,-287202
6639,Uttar Pradesh,Jalaun,BHANU PRATAP SINGH VERMA,M,55.0,SC,BJP,548457,174,548631,1887189, ,0
6650,Uttar Pradesh,Jhansi,UMA BHARATI,F,55.0,GEN,BJP,575683,206,575889,1932052, ,0
6651,Uttar Pradesh,Jhansi,DR. CHANDRAPAL SINGH YADAV,M,54.0,GEN,SP,385360,62,385422,1932052, ,-190467
6665,Uttar Pradesh,Hamirpur,KUNWAR PUSHPENDRA SINGH CHANDEL,M,40.0,GEN,BJP,453866,18,453884,1737993, ,0
6682,Uttar Pradesh,Banda,BHAIRON PRASAD MISHRA,M,60.0,GEN,BJP,342008,58,342066,1601855, ,0
6685,Uttar Pradesh,Banda,R. K. SINGH PATEL,M,54.0,GEN,BSP,226264,14,226278,1601855, ,-115788
6695,Uttar Pradesh,Fatehpur,AFZAL SIDDIQUI,M,25.0,GEN,BSP,298524,264,298788,1804753, ,-187206
6697,Uttar Pradesh,Fatehpur,NIRANJAN JYOTI,F,47.0,GEN,BJP,485360,634,485994,1804753, ,0
6711,Uttar Pradesh,Kaushambi,VINOD KUMAR SONKAR,M,44.0,SC,BJP,331480,244,331724,1738509, ,0
6712,Uttar Pradesh,Kaushambi,SHAILENDRA KUMAR,M,56.0,SC,SP,288643,181,288824,1738509, ,-42900
6723,Uttar Pradesh,Phulpur,KESHAV PRASAD MAURYA,M,47.0,GEN,BJP,503011,553,503564,1913275, ,0
6725,Uttar Pradesh,Phulpur,DHARAM RAJ SINGH PATEL,M,55.0,GEN,SP,195082,174,195256,1913275, ,-308308
6740,Uttar Pradesh,Allahabad,SHYAMA CHARAN GUPTA,M,69.0,GEN,BJP,313465,307,313772,1666569, ,0
6741,Uttar Pradesh,Allahabad,KUNWAR REWATI RAMAN SINGH ALIAS MANI,M,70.0,GEN,SP,251569,194,251763,1666569, ,-62009
6763,Uttar Pradesh,Barabanki,P. L. PUNIA,M,69.0,SC,INC,242332,4,242336,1721278, ,-211878
6764,Uttar Pradesh,Barabanki,PRIYANKA SINGH RAWAT,F,28.0,SC,BJP,454211,3,454214,1721278, ,0
6779,Uttar Pradesh,Faizabad,MITRASEN YADAV,M,80.0,GEN,SP,208965,21,208986,1738701, ,-282775
6780,Uttar Pradesh,Faizabad,LALLU SINGH,M,59.0,GEN,BJP,491663,98,491761,1738701, ,0
6790,Uttar Pradesh,Ambedkar Nagar,RAKESH PANDEY,M,60.0,GEN,BSP,292669,6,292675,1718774, ,-139429
6792,Uttar Pradesh,Ambedkar Nagar,HARI OM PANDEY,M,58.0,GEN,BJP,432074,30,432104,1718774, ,0
6806,Uttar Pradesh,Bahraich,SHABBIR AHMAD,M,55.0,SC,SP,336696,51,336747,1638640, ,-95645
6807,Uttar Pradesh,Bahraich,SADHVI SAVITRI BAI FOOLE,F,33.0,SC,BJP,432286,106,432392,1638640, ,0
6816,Uttar Pradesh,Kaiserganj,BRIJ BHUSAN SHARAN SINGH,M,57.0,GEN,BJP,380984,516,381500,1711967, ,0
6818,Uttar Pradesh,Kaiserganj,VINOD KUMAR ALIAS  PANDIT SINGH,M,47.0,GEN,SP,303091,191,303282,1711967, ,-78218
6830,Uttar Pradesh,Shrawasti,ATIQ AHMAD,M,51.0,GEN,SP,259986,65,260051,1788080, ,-85913
6831,Uttar Pradesh,Shrawasti,DADDAN MISHRA,M,47.0,GEN,BJP,345872,92,345964,1788080, ,0
6847,Uttar Pradesh,Gonda,KIRTI VARDHAN SINGH,M,48.0,GEN,BJP,358978,661,359639,1710825, ,0
6848,Uttar Pradesh,Gonda,NANDITA SHUKLA,F,50.0,GEN,SP,198903,324,199227,1710825, ,-160412
6861,Uttar Pradesh,Domariyaganj,JAGDAMBIKA PAL,M,64.0,GEN,BJP,298845,0,298845,1761415, ,0
6863,Uttar Pradesh,Domariyaganj,MUHAMMAD MUQEEM,M,66.0,GEN,BSP,195257,0,195257,1761415, ,-103588
6880,Uttar Pradesh,Basti,"BRIJ KISHOR SINGH ""DIMPAL""",M,33.0,GEN,SP,324114,4,324118,1787476, ,-33562
6882,Uttar Pradesh,Basti,HARISH CHANDRA  ALIAS  HARISH DWIVEDI,M,40.0,GEN,BJP,357673,7,357680,1787476, ,0
6894,Uttar Pradesh,Sant Kabir Nagar,BHISM SHANKAR ALIAS KUSHAL TIWARI,M,49.0,GEN,BSP,250910,4,250914,1904315, ,-97978
6896,Uttar Pradesh,Sant Kabir Nagar,SHARAD TRIPATHI,M,42.0,GEN,BJP,348884,8,348892,1904315, ,0
6921,Uttar Pradesh,Maharajganj,PANKAJ,M,44.0,GEN,BJP,471541,1,471542,1743131, ,0
6944,Uttar Pradesh,Gorakhpur,ADITYANATH,M,41.0,GEN,BJP,538604,523,539127,1903988, ,0
6945,Uttar Pradesh,Gorakhpur,RAJMATI NISHAD,F,56.0,GEN,SP,226216,128,226344,1903988, ,-312783
6959,Uttar Pradesh,Kushi Nagar,KUNWAR RATANJIT PRATAP NARAIN SINGH,M,49.0,GEN,INC,284378,133,284511,1680992, ,-85540
6960,Uttar Pradesh,Kushi Nagar,RAJESH PANDEY URF GUDDU,M,55.0,GEN,BJP,369917,134,370051,1680992, ,0
6974,Uttar Pradesh,Deoria,KALRAJ MISHRA,M,73.0,GEN,BJP,495861,639,496500,1806926, ,0
6975,Uttar Pradesh,Deoria,NIYAJ AHMAD,M,51.0,GEN,BSP,230862,252,231114,1806926, ,-265386
6990,Uttar Pradesh,Bansgaon,KAMLESH PASWAN,M,38.0,SC,BJP,417597,362,417959,1760090, ,0
6992,Uttar Pradesh,Bansgaon,SADAL PRASAD,M,59.0,SC,BSP,228260,183,228443,1760090, ,-189516
7003,Uttar Pradesh,Lalganj,NEELAM SONKAR,F,38.0,SC,BJP,324004,12,324016,1661470, ,0
7006,Uttar Pradesh,Lalganj,BECHAI SAROJ,M,43.0,SC,SP,260912,18,260930,1661470, ,-63086
7019,Uttar Pradesh,Azamgarh,MULAYAM SINGH YADAV,M,74.0,GEN,SP,340084,222,340306,1703121, ,0
7020,Uttar Pradesh,Azamgarh,RAMAKANT YADAV,M,54.0,GEN,BJP,276998,104,277102,1703121, ,-63204
7038,Uttar Pradesh,Ghosi,DARA SINGH CHAUHAN,M,55.0,GEN,BSP,233739,43,233782,1891112, ,-146015
7041,Uttar Pradesh,Ghosi,HARINARAYAN RAJBHAR,M,73.0,GEN,BJP,379739,58,379797,1891112, ,0
7057,Uttar Pradesh,Salempur,RAVINDRA KUSHAWAHA,M,50.0,GEN,BJP,391636,577,392213,1661737, ,0
7058,Uttar Pradesh,Salempur,"RAVI SHANKER SINGH""PAPPU""",M,43.0,GEN,BSP,159580,291,159871,1661737, ,-232342
7070,Uttar Pradesh,Ballia,NEERAJ SHEKHAR,M,45.0,GEN,SP,220089,235,220324,1768271, ,-139434
7071,Uttar Pradesh,Ballia,BHARAT SINGH,M,62.0,GEN,BJP,359329,429,359758,1768271, ,0
7086,Uttar Pradesh,Jaunpur,KRISHNA PRATAP ''''''''K.P.'''''''',M,37.0,GEN,BJP,366856,293,367149,1848842, ,0
7089,Uttar Pradesh,Jaunpur,SUBHASH PANDEY,M,58.0,GEN,BSP,220625,214,220839,1848842, ,-146310
7110,Uttar Pradesh,Machhlishahr,BHOLANATH ALIAS B.P. SAROJ,M,50.0,SC,BSP,265700,355,266055,1891969, ,-172155
7111,Uttar Pradesh,Machhlishahr,RAM CHARITRA NISHAD,M,46.0,SC,BJP,437723,487,438210,1891969, ,0
7126,Uttar Pradesh,Ghazipur,MANOJ SINHA,M,55.0,GEN,BJP,306791,138,306929,1801519, ,0
7127,Uttar Pradesh,Ghazipur,SMT SHIVKANYA KUSHWAHA,F,47.0,GEN,SP,274337,140,274477,1801519, ,-32452
7143,Uttar Pradesh,Chandauli,ANIL KUMAR MAURYA,M,49.0,GEN,BSP,257200,179,257379,1593133, ,-156756
7145,Uttar Pradesh,Chandauli,DR MAHENDRA NATH PANDEY,M,57.0,GEN,BJP,413760,375,414135,1593133, ,0
7167,Uttar Pradesh,Varanasi,NARENDRA MODI,M,63.0,GEN,BJP,580423,599,581022,1766487, ,0
7172,Uttar Pradesh,Varanasi,ARVIND KEJRIWAL,M,45.0,GEN,AAAP,209111,127,209238,1766487, ,-371784
7209,Uttar Pradesh,Bhadohi,RAKESH DHAR TRIPATHI,M,56.0,GEN,BSP,245437,117,245554,1834598, ,-158141
7210,Uttar Pradesh,Bhadohi,VIRENDRA SINGH,M,57.0,GEN,BJP,403583,112,403695,1834598, ,0
7224,Uttar Pradesh,Mirzapur,SAMUDRA BIND,F,34.0,GEN,BSP,217452,5,217457,1720661, ,-219079
7226,Uttar Pradesh,Mirzapur,ANUPRIYA SINGH PATEL,F,33.0,GEN,AD,436500,36,436536,1720661, ,0
7248,Uttar Pradesh,Robertsganj,CHHOTELAL,M,41.0,SC,BJP,378095,116,378211,1639074, ,0
7251,Uttar Pradesh,Robertsganj,SHARADA PRASAD,M,55.0,SC,BSP,187652,73,187725,1639074, ,-190486
7264,West Bengal,Cooch behar,DIPAK KUMAR ROY,M,48.0,SC,AIFB,437987,1405,439392,1613403, ,-87107
7265,West Bengal,Cooch behar,RENUKA SINHA,F,65.0,SC,AITC,525275,1224,526499,1613403, ,0
7276,West Bengal,Alipurduars,DASRATH TIRKEY,M,47.0,ST,AITC,361685,768,362453,1470911, ,0
7278,West Bengal,Alipurduars,MANOHAR TIRKEY,M,60.0,ST,RSP,340119,937,341056,1470911, ,-21397
7287,West Bengal,Jalpaiguri,BIJOY CHANDRA BARMAN,M,57.0,SC,AITC,493913,860,494773,1531469, ,0
7288,West Bengal,Jalpaiguri,MAHENDRA KUMAR ROY,M,58.0,SC,CPM,423965,1202,425167,1531469, ,-69606
7299,West Bengal,Darjeeling,S.S.AHLUWALIA,M,63.0,GEN,BJP,487864,393,488257,1437154, ,0
7301,West Bengal,Darjeeling,BHAI CHUNG BHUTIA,M,37.0,ST,AITC,290769,249,291018,1437154, ,-197239
7313,West Bengal,Raiganj,DEEPA DASMUNSI,F,53.0,GEN,INC,315507,374,315881,1387526, ,-1634
7316,West Bengal,Raiganj,MD. SALIM,M,56.0,GEN,CPM,316863,652,317515,1387526, ,0
7326,West Bengal,Balurghat,ARPITA GHOSH,F,47.0,GEN,AITC,408857,784,409641,1254497, ,0
7328,West Bengal,Balurghat,BIMALENDU SARKAR (BIMAL),M,65.0,GEN,RSP,302071,606,302677,1254497, ,-106964
7339,West Bengal,Maldaha Uttar,KHAGEN MURMU,M,59.0,ST,CPM,322265,639,322904,1425428, ,-65705
7341,West Bengal,Maldaha Uttar,MAUSAM NOOR,F,34.0,GEN,INC,388241,368,388609,1425428, ,0
7354,West Bengal,Maldaha Dakshin,ABU HASEM KHAN CHOWDHURY,M,70.0,GEN,INC,379646,645,380291,1347143, ,0
7357,West Bengal,Maldaha Dakshin,BISNU PADA ROY,M,50.0,GEN,BJP,215516,664,216180,1347143, ,-164111
7372,West Bengal,Jangipur,ABHIJIT MUKHERJEE,M,54.0,GEN,INC,378032,169,378201,1391656, ,0
7373,West Bengal,Jangipur,MUZAFFAR HOSSAIN,M,61.0,GEN,CPM,369717,323,370040,1391656, ,-8161
7384,West Bengal,Baharampur,ADHIR RANJAN CHOWDHURY,M,58.0,GEN,INC,583193,356,583549,1453783, ,0
7385,West Bengal,Baharampur,INDRANIL SEN,M,49.0,GEN,AITC,226916,66,226982,1453783, ,-356567
7394,West Bengal,Murshidabad,ABDUL MANNAN HOSSAIN,M,61.0,GEN,INC,408424,70,408494,1512098, ,-18453
7396,West Bengal,Murshidabad,BADARUDDOZA KHAN,M,60.0,GEN,CPM,426858,89,426947,1512098, ,0
7407,West Bengal,Krishnanagar,JHA SHANTANU,M,52.0,GEN,CPM,366897,637,367534,1476783, ,-71255
7408,West Bengal,Krishnanagar,TAPAS PAUL,M,57.0,GEN,AITC,438140,649,438789,1476783, ,0
7416,West Bengal,Ranaghat,ARCHANA BISWAS,F,43.0,SC,CPM,387209,1475,388684,1602849, ,-201767
7418,West Bengal,Ranaghat,TAPAS MANDAL,M,42.0,SC,AITC,588545,1906,590451,1602849, ,0
7427,West Bengal,Bangaon,KAPIL KRISHNA THAKUR,M,73.0,SC,AITC,550003,1210,551213,1540713, ,0
7429,West Bengal,Bangaon,DEBESH DAS,M,54.0,SC,CPM,403255,1357,404612,1540713, ,-146601
7439,West Bengal,Barrackpore,DINESH TRIVEDI,M,63.0,GEN,AITC,478253,953,479206,1287222, ,0
7442,West Bengal,Barrackpore,SUBHASHINI ALI,F,66.0,GEN,CPM,270951,1482,272433,1287222, ,-206773
7451,West Bengal,Dum dum,ASIM KUMAR DASGUPTA,M,68.0,GEN,CPM,326641,1669,328310,1405981, ,-154934
7455,West Bengal,Dum dum,SAUGATA ROY,M,66.0,GEN,AITC,482278,966,483244,1405981, ,0
7462,West Bengal,Barasat,DR. KAKALI GHOSHDOSTIDAR,F,55.0,GEN,AITC,524105,1282,525387,1512792, ,0
7463,West Bengal,Barasat,DR. MORTOZA HOSSAIN,M,69.0,GEN,AIFB,350763,1483,352246,1512792, ,-173141
7475,West Bengal,Basirhat,IDRIS ALI,M,64.0,GEN,AITC,492054,272,492326,1490596, ,0
7477,West Bengal,Basirhat,NURUL HUDA,M,72.0,GEN,CPI,382320,347,382667,1490596, ,-109659
7487,West Bengal,Joynagar,PRATIMA MONDAL,F,48.0,SC,AITC,494580,166,494746,1458724, ,0
7488,West Bengal,Joynagar,SUBHAS NASKAR,M,62.0,SC,RSP,386161,201,386362,1458724, ,-108384
7495,West Bengal,Mathurapur,CHOUDHURY MOHAN JATUA,M,75.0,SC,AITC,629612,650,630262,1488785, ,0
7498,West Bengal,Mathurapur,RINKU NASKAR,F,30.0,SC,CPM,490977,517,491494,1488785, ,-138768
7507,West Bengal,Diamond harbour,ABHISHEK BANERJEE,M,26.0,GEN,AITC,508130,351,508481,1555914, ,0
7508,West Bengal,Diamond harbour,DR. ABUL HASNAT,M,63.0,GEN,CPM,436713,470,437183,1555914, ,-71298
7526,West Bengal,Jadavpur,SUGATA BOSE,M,57.0,GEN,AITC,583490,754,584244,1595746, ,0
7527,West Bengal,Jadavpur,SUJAN CHAKRABORTY,M,55.0,GEN,CPM,458050,991,459041,1595746, ,-125203
7540,West Bengal,Kolkata Dakshin,SUBRATA BAKSHI,M,64.0,GEN,AITC,431119,596,431715,1685296, ,0
7541,West Bengal,Kolkata Dakshin,TATHAGATA ROY,M,68.0,GEN,BJP,295126,250,295376,1685296, ,-136339
7555,West Bengal,Kolkata Uttar,RAHUL (BISWAJIT) SINHA,M,50.0,GEN,BJP,247316,145,247461,1433985, ,-96226
7557,West Bengal,Kolkata Uttar,SUDIP BANDYOPADHYAY,M,62.0,GEN,AITC,343389,298,343687,1433985, ,0
7573,West Bengal,Howrah,PRASUN BANERJEE,M,59.0,GEN,AITC,488339,122,488461,1505099, ,0
7576,West Bengal,Howrah,SRIDIP BHATTACHARYA,M,58.0,GEN,CPM,291345,160,291505,1505099, ,-196956
7591,West Bengal,Uluberia,SABIR UDDIN MOLLA,M,39.0,GEN,CPM,369393,170,369563,1448632, ,-201222
7592,West Bengal,Uluberia,SULTAN AHMED,M,58.0,GEN,AITC,570598,187,570785,1448632, ,0
7603,West Bengal,Srerampur,KALYAN BANERJEE,M,57.0,GEN,AITC,514484,449,514933,1624038, ,0
7604,West Bengal,Srerampur,TIRTHANKAR RAY,M,38.0,GEN,CPM,361744,663,362407,1624038, ,-152526
7614,West Bengal,Hooghly,PRADIP SAHA,M,53.0,SC,CPM,424060,1168,425228,1630042, ,-189084
7617,West Bengal,Hooghly,DR. RATNA DE (NAG),F,62.0,GEN,AITC,613118,1194,614312,1630042, ,0
7623,West Bengal,Arambagh,APARUPA PODDAR (AFRIN ALI),F,28.0,SC,AITC,748168,596,748764,1600293, ,0
7625,West Bengal,Arambagh,SAKTIMOHAN MALIK,M,54.0,SC,CPM,401291,628,401919,1600293, ,-346845
7629,West Bengal,Tamluk,ADHIKARI SUVENDU,M,44.0,GEN,AITC,715556,1372,716928,1527273, ,0
7633,West Bengal,Tamluk,SEKH IBRAHIM ALI,M,26.0,GEN,CPM,469425,1022,470447,1527273, ,-246481
7640,West Bengal,Kanthi,ADHIKARI SISIR KUMAR,M,74.0,GEN,AITC,675899,850,676749,1490409, ,0
7644,West Bengal,Kanthi,SINHA TAPAS,M,47.0,GEN,CPM,446568,691,447259,1490409, ,-229490
7648,West Bengal,Ghatal,ADHIKARI DEEPAK (DEV),M,32.0,GEN,AITC,685122,574,685696,1610489, ,0
7651,West Bengal,Ghatal,SANTOSH RANA,M,66.0,GEN,CPI,424183,622,424805,1610489, ,-260891
7660,West Bengal,Jhargram,UMA SAREN,F,29.0,ST,AITC,673798,706,674504,1475112, ,0
7661,West Bengal,Jhargram,DR. PULIN BIHARI BASKE,M,46.0,ST,CPM,326236,385,326621,1475112, ,-347883
7674,West Bengal,Medinipur,PRABODH PANDA,M,68.0,GEN,CPI,394903,410,395313,1499673, ,-185128
7677,West Bengal,Medinipur,SANDHYA ROY,F,73.0,GEN,AITC,579881,560,580441,1499673, ,0
7684,West Bengal,Purulia,NARAHARI  MAHATO,M,59.0,GEN,AIFB,313169,1231,314400,1471933, ,-153877
7688,West Bengal,Purulia,DR. MRIGANKA MAHATO,M,51.0,GEN,AITC,466980,1297,468277,1471933, ,0
7697,West Bengal,Bankura,ACHARIA BASUDEB,M,71.0,GEN,CPM,384400,549,384949,1503812, ,-98506
7700,West Bengal,Bankura,SREEMATI  DEV VARMA (MOON MOON SEN),F,60.0,GEN,AITC,482911,544,483455,1503812, ,0
7712,West Bengal,Bishnupur,KHAN SAUMITRA,M,34.0,SC,AITC,578255,615,578870,1466921, ,0
7716,West Bengal,Bishnupur,SUSMITA BAURI,F,39.0,SC,CPM,428791,394,429185,1466921, ,-149685
7722,West Bengal,Bardhaman Purba,ISWAR CHANDRA DAS,M,53.0,SC,CPM,459911,270,460181,1532244, ,-114379
7726,West Bengal,Bardhaman Purba,SUNIL KUMAR MONDAL,M,55.0,SC,AITC,574315,245,574560,1532244, ,0
7734,West Bengal,Burdwan - durgapur,DR. MAMTAZ SANGHAMITA,F,68.0,GEN,AITC,553926,595,554521,1583495, ,0
7736,West Bengal,Burdwan - durgapur,SK. SAIDUL HAQUE,M,59.0,GEN,CPM,446662,528,447190,1583495, ,-107331
7743,West Bengal,Asansol,DOLA SEN,F,47.0,GEN,AITC,349435,68,349503,1469684, ,-70480
7745,West Bengal,Asansol,BABUL SUPRIYA BARAL (BABUL SUPRIYO),M,43.0,GEN,BJP,419887,96,419983,1469684, ,0
7756,West Bengal,Bolpur,ANUPAM HAZRA,M,32.0,SC,AITC,630085,608,630693,1538421, ,0
7758,West Bengal,Bolpur,DOME RAMCHANDRA,M,56.0,SC,CPM,394246,335,394581,1538421, ,-236112
7764,West Bengal,Birbhum,DR. ELAHI KAMRE MAHAMMAD,M,53.0,GEN,CPM,393096,209,393305,1495089, ,-67263
7767,West Bengal,Birbhum,SATABDI ROY,F,45.0,GEN,AITC,460216,352,460568,1495089, ,0
7780,Jharkhand,Rajmahal,VIJAY KUMAR HANSDAK,M,31.0,ST,JMM,379337,170,379507,1353467, ,0
7781,Jharkhand,Rajmahal,HEMLAL MURMU,M,58.0,ST,BJP,338080,90,338170,1353467, ,-41337
7790,Jharkhand,Dumka,SHIBU SOREN,M,68.0,ST,JMM,335686,129,335815,1273049, ,0
7791,Jharkhand,Dumka,SUNIL SOREN,M,35.0,ST,BJP,296493,292,296785,1273049, ,-39030
7803,Jharkhand,Godda,NISHIKANT DUBEY,M,42.0,GEN,BJP,380314,186,380500,1590772, ,0
7805,Jharkhand,Godda,FURKAN ANSARI,M,63.0,GEN,INC,319739,79,319818,1590772, ,-60682
7821,Jharkhand,Chatra,DHIRAJ PRASAD SAHU,M,58.0,GEN,INC,117835,1,117836,1312562, ,-178026
7825,Jharkhand,Chatra,SUNIL KUMAR SINGH,M,52.0,GEN,BJP,295857,5,295862,1312562, ,0
7844,Jharkhand,Kodarma,RAVINDRA KR. RAY,M,50.0,GEN,BJP,365405,5,365410,1639645, ,0
7853,Jharkhand,Kodarma,RAJKUMAR YADAV,M,41.0,GEN,CPI(ML)(L),266756,0,266756,1639645, ,-98654
7864,Jharkhand,Giridih,JAGARNATH MAHTO,M,47.0,GEN,JMM,351598,2,351600,1511644, ,-40313
7865,Jharkhand,Giridih,RAVINDRA KUMAR PANDEY,M,55.0,GEN,BJP,391905,8,391913,1511644, ,0
7880,Jharkhand,Dhanbad,AJAY KUMAR DUBEY,M,53.0,GEN,INC,250534,3,250537,1890021, ,-292954
7881,Jharkhand,Dhanbad,PASHUPATI NATH SINGH,M,65.0,GEN,BJP,543482,9,543491,1890021, ,0
7915,Jharkhand,Ranchi,RAM TAHAL CHOUDHARY,M,72.0,GEN,BJP,448617,112,448729,1648459, ,0
7917,Jharkhand,Ranchi,SUBODH KANT SAHAY,M,60.0,GEN,INC,249399,27,249426,1648459, ,-199303
7941,Jharkhand,Jamshedpur,AJAY KUMAR,M,51.0,GEN,JVM,364270,7,364277,1581665, ,-99876
7944,Jharkhand,Jamshedpur,BIDYUT BARAN MAHATO,M,51.0,GEN,BJP,464144,9,464153,1581665, ,0
7960,Jharkhand,Singhbhum,LAXMAN GILUWA,M,52.0,ST,BJP,303079,52,303131,1152632, ,0
7961,Jharkhand,Singhbhum,GEETA KORA,F,30.0,ST,JBSP,215603,4,215607,1152632, ,-87524
7970,Jharkhand,Khunti,KARIA MUNDA,M,77.0,ST,BJP,269160,25,269185,1111856, ,0
7975,Jharkhand,Khunti,ANOSH EKKA,M,44.0,ST,JKP,176937,0,176937,1111856, ,-92248
7987,Jharkhand,Lohardaga,RAMESHWAR ORAON,M,67.0,ST,INC,220151,26,220177,1119144, ,-6489
7988,Jharkhand,Lohardaga,SUDARSHAN BHAGAT,M,45.0,ST,BJP,226579,87,226666,1119144, ,0
7996,Jharkhand,Palamau,MANOJ KUMAR,M,41.0,SC,RJD,212357,214,212571,1645957, ,-263942
7998,Jharkhand,Palamau,VISHNU DAYAL RAM,M,62.0,SC,BJP,475738,775,476513,1645957, ,0
8010,Jharkhand,Hazaribagh,JAYANT SINHA,M,50.0,GEN,BJP,406912,19,406931,1518923, ,0
8014,Jharkhand,Hazaribagh,SAURABH NARAIN SINGH,M,39.0,GEN,INC,247798,5,247803,1518923, ,-159128
8030,Uttarakhand,Tehri Garhwal,MALA RAJYA LAXMI SHAH,F,64.0,GEN,BJP,443199,3534,446733,1352614, ,0
8033,Uttarakhand,Tehri Garhwal,SAKET BAHUGUNA,M,40.0,GEN,INC,252971,1259,254230,1352614, ,-192503
8049,Uttarakhand,Garhwal,(MAJ GEN (RETD.) ) BHUWAN CHANDRA KHANDURI (AVSM),M,79.0,GEN,BJP,401951,3739,405690,1267218, ,0
8050,Uttarakhand,Garhwal,(DR) HARAK SINGH RAWAT,M,54.0,GEN,INC,220987,177,221164,1267218, ,-184526
8058,Uttarakhand,Almora,AJAY TAMTA,M,41.0,SC,BJP,347284,902,348186,1253541, ,0
8059,Uttarakhand,Almora,PRADEEP TAMTA,M,52.0,SC,INC,252416,80,252496,1253541, ,-95690
8068,Uttarakhand,Nainital-udhamsingh Nagar,BHAGAT SINGH KOSHYARI,M,72.0,GEN,BJP,635318,1451,636769,1610811, ,0
8070,Uttarakhand,Nainital-udhamsingh Nagar,K.C.SINGH BABA,M,65.0,GEN,INC,351526,526,352052,1610811, ,-284717
8085,Uttarakhand,Hardwar,RAMESH POKHRIYAL NISHANK,M,54.0,GEN,BJP,590831,1489,592320,1642873, ,0
8086,Uttarakhand,Hardwar,RENUKA RAWAT,F,56.0,GEN,INC,413951,547,414498,1642873, ,-177822
8110,Andaman & Nicobar Islands,Andaman & Nicobar Islands,KULDEEP RAI SHARMA,M,46.0,GEN,INC,83144,13,83157,269360, ,-7812
8113,Andaman & Nicobar Islands,Andaman & Nicobar Islands,BISHNU PADA RAY,M,64.0,GEN,BJP,90882,87,90969,269360, ,0
8125,Chandigarh,CHANDIGARH,KIRRON KHER ,F,61.0,GEN,BJP,191295,67,191362,615214, ,0
8127,Chandigarh,CHANDIGARH,PAWAN KUMAR BANSAL,M,65.0,GEN,INC,121700,20,121720,615214, ,-69642
8144,Dadra & Nagar Haveli,Dadar & Nagar Haveli,DELKAR MOHANBHAI SANJIBHAI,M,51.0,ST,INC,74576,0,74576,196597, ,-6214
8145,Dadra & Nagar Haveli,Dadar & Nagar Haveli,PATEL NATUBHAI GOMANBHAI,M,41.0,ST,BJP,80790,0,80790,196597, ,0
8155,Daman & Diu,Daman & diu,KETAN DAHYABHAI PATEL,M,39.0,GEN,INC,37737,1,37738,111827, ,-9222
8156,Daman & Diu,Daman & diu,PATEL LALUBHAI BABUBHAI,M,58.0,GEN,BJP,46956,4,46960,111827, ,0
8160,NCT OF Delhi,CHANDNI CHOWK                 ,ASHUTOSH,M,48.0,GEN,AAAP,301397,221,301618,1447230, ,-136320
8163,NCT OF Delhi,CHANDNI CHOWK                 ,DR. HARSH VARDHAN,M,59.0,GEN,BJP,436380,1558,437938,1447230, ,0
8187,NCT OF Delhi,NORTH EAST DELHI              ,ANAND KUMAR,M,64.0,GEN,AAAP,451823,218,452041,1957708, ,-144084
8189,NCT OF Delhi,NORTH EAST DELHI              ,MANOJ TIWARI,M,43.0,GEN,BJP,593346,2779,596125,1957708, ,0
8210,NCT OF Delhi,EAST DELHI                    ,MAHEISH GIRRI,M,39.0,GEN,BJP,571567,635,572202,1829578, ,0
8212,NCT OF Delhi,EAST DELHI                    ,RAJMOHAN GANDHI,M,78.0,GEN,AAAP,381642,97,381739,1829578, ,-190463
8235,NCT OF Delhi,NEW DELHI                     ,ASHISH KHETAN,M,38.0,GEN,AAAP,290515,127,290642,1490147, ,-162708
8236,NCT OF Delhi,NEW DELHI                     ,MEENAKASHI LEKHI,F,46.0,GEN,BJP,452480,870,453350,1490147, ,0
8264,NCT OF Delhi,NORTH WEST DELHI              ,UDIT RAJ,M,56.0,SC,BJP,627529,2331,629860,2194343, ,0
8267,NCT OF Delhi,NORTH WEST DELHI              ,RAKHI BIRLA,F,27.0,SC,AAAP,522842,216,523058,2194343, ,-106802
8279,NCT OF Delhi,WEST DELHI                    ,JARNAIL SINGH,M,41.0,GEN,AAAP,382610,199,382809,2039410, ,-268586
8280,NCT OF Delhi,WEST DELHI                    ,PARVESH SAHIB SINGH VERMA,M,36.0,GEN,BJP,649542,1853,651395,2039410, ,0
8297,NCT OF Delhi,SOUTH DELHI                   ,COL DEVINDER SEHRAWAT,M,48.0,GEN,AAAP,390858,122,390980,1752748, ,-107000
8299,NCT OF Delhi,SOUTH DELHI                   ,RAMESH BIDHURI,M,52.0,GEN,BJP,497151,829,497980,1752748, ,0
8319,Lakshadweep,Lakshadweep,MOHAMMED FAIZAL P.P.,M,38.0,ST,NCP,21665,0,21665,49922, ,0
8321,Lakshadweep,Lakshadweep,HAMDULLAH SAYEED,M,31.0,ST,INC,20130,0,20130,49922, ,-1535
8325,Puducherry,Puducherry,R. RADHAKRISHNAN,M,42.0,GEN,AINRC,255732,94,255826,901357, ,0
8328,Puducherry,Puducherry,V. NARAYANASAMY,M,66.0,GEN,INC,194873,99,194972,901357, ,-60854
