,state,pc_name,candidate,sex,age,category,party,general_votes,postal_votes,total_votes,total_electors,margin,margin_difference
1857,Himachal Pradesh, HP_Hamirpur,ANURAG SINGH THAKUR,MALE,44.0,GENERAL,BJP,668812,13880,682692,1362269,0,
354,Arunachal Pradesh,ARUNACHAL EAST,Tapir Gao,MALE,54.0,ST,BJP,148567,5316,153883,339788,0,0.0
344,Arunachal Pradesh,ARUNACHAL WEST,KIREN RIJIJU,MALE,47.0,ST,BJP,216494,9302,225796,463775,0,0.0
7872,Telangana,Adilabad ,SOYAM BAPU RAO,MALE,52.0,ST,BJP,376892,482,377374,1489790,0,
6038,Uttar Pradesh,Agra,Satyapal Singh Baghel,MALE,58.0,SC,BJP,644459,2416,646875,1937690,0,
3877,Maharashtra,Ahmadnagar ,Dr. SUJAY RADHAKRISHNA VIKHEPATIL,MALE,37.0,GENERAL,BJP,696961,7699,704660,1861396,0,
1289,Gujarat,Ahmedabad East,Patel Hasmukhbhai Somabhai,MALE,58.0,GENERAL,BJP,745810,4024,749834,1811851,0,
1315,Gujarat,Ahmedabad West,DR. KIRIT P. SOLANKI,MALE,69.0,SC,BJP,638241,3381,641622,1643317,0,
4768,Rajasthan,Ajmer,Bhagirath Chaudhary,MALE,64.0,GENERAL,BJP,811091,3985,815076,1876346,0,
6390,Uttar Pradesh,Akbarpur,Devendra Singh 'Bhole',MALE,64.0,GENERAL,BJP,577603,3679,581282,1766121,0,
3264,Maharashtra,Akola,Dhotre Sanjay Shamrao,MALE,60.0,GENERAL,BJP,552898,1546,554444,1865169,0,
2633,Kerala,Alappuzha,Adv. A M ARIFF,MALE,54.0,GENERAL,CPIM,443003,2967,445970,1356701,0,
2574,Kerala,Alathur ,RAMYA HARIDAS,FEMALE,32.0,SC,INC,532493,1322,533815,1266794,0,
6000,Uttar Pradesh,Aligarh,SATISH KUMAR GAUTAM,MALE,46.0,GENERAL,BJP,651805,4410,656215,1887127,0,
6897,West Bengal,Alipurduars,JOHN BARLA,MALE,43.0,ST,BJP,747788,3016,750804,1648383,0,
6489,Uttar Pradesh,Allahabad,Rita Bahuguna Joshi,FEMALE,69.0,GENERAL,BJP,493204,1250,494454,1716160,0,
7839,Uttarakhand,Almora,Ajay Tamta,MALE,46.0,SC,BJP,430455,14196,444651,1337808,0,
4721,Rajasthan,Alwar,Balak Nath,MALE,35.0,GENERAL,BJP,750580,9621,760201,1888524,0,
80,Andhra Pradesh,Amalapuram ,CHINTA ANURADHA,FEMALE,46.0,SC,YSRCP,482003,3955,485958,1459556,0,471828.0
1596,Haryana,Ambala,RATTAN LAL KATARIA,MALE,67.0,SC,BJP,744438,2070,746508,1853711,0,
6530,Uttar Pradesh,Ambedkar Nagar,Ritesh Pandey,MALE,38.0,GENERAL,BSP,563445,673,564118,1785657,0,
6288,Uttar Pradesh,Amethi,Smriti Irani,FEMALE,43.0,GENERAL,BJP,467598,916,468514,1743515,0,
3286,Maharashtra,Amravati ,Navnit Ravi Rana,FEMALE,33.0,SC,IND,507844,3103,510947,1833091,0,
1432,Gujarat,Amreli,Kachhadiya Naranbhai Bhikhabhai,MALE,64.0,GENERAL,BJP,527593,1442,529035,1628451,0,
4353,Punjab,Amritsar,GURJEET SINGH AUJLA,MALE,46.0,GENERAL,INC,444052,980,445032,1507875,0,
5925,Uttar Pradesh,Amroha,KUNWAR DANISH ALI,MALE,43.0,GENERAL,BSP,600744,338,601082,1646435,0,
53,Andhra Pradesh,Anakapalli,Dr.Beesetti Venkata Satyavathi,FEMALE,52.0,GENERAL,YSRCP,583210,3016,586226,1521363,0,657895.0
1456,Gujarat,Anand,PATEL MITESH RAMESHBHAI (BAKABHAI),MALE,54.0,GENERAL,BJP,631581,1516,633097,1655870,0,
4434,Punjab,Anandpur Sahib,Manish Tewari,MALE,53.0,GENERAL,INC,426904,1141,428045,1698876,0,
258,Andhra Pradesh,Anantapur,TALARI RANGAIAH,MALE,48.0,GENERAL,YSRCP,690901,4307,695208,1664160,0,305513.0
1899,Jammu & Kashmir,Anantnag,HASNAIN MASOODI,MALE,65.0,GENERAL,JKN,40032,148,40180,1397779,0,
8331,Andaman & Nicobar Islands,Andaman & Nicobar Islands,KULDEEP RAI SHARMA,MALE,52.0,GENERAL,INC,95249,59,95308,318471,0,
6107,Uttar Pradesh,Aonla,DHARMENDRA KASHYAP,MALE,50.0,GENERAL,BJP,536377,1298,537675,1785605,0,
5063,Tamil Nadu,Arakkonam,S. JAGATHRAKSHAKAN,MALE,71.0,GENERAL,DMK,666688,5502,672190,1500016,0,
7248,West Bengal,Arambagh,APARUPA PODDAR (AFRIN ALI),FEMALE,33.0,SC,AITC,649613,316,649929,1764726,0,
5171,Tamil Nadu,Arani,VISHNU PRASAD M K,MALE,46.0,GENERAL,INC,613390,4370,617760,1449150,0,
661,Bihar,Araria,PRADEEP KUMAR SINGH,MALE,52.0,GENERAL,BJP,618004,430,618434,1805439,0,
1052,Bihar,Arrah,R. K. Singh,MALE,66.0,GENERAL,BJP,560106,6374,566480,2089353,0,
2,Andhra Pradesh,Aruku ,GODDETI. MADHAVI,FEMALE,26.0,ST,YSRCP,557561,4629,562190,1451418,0,174843.0
7365,West Bengal,Asansol,BABUL SUPRIYO,MALE,48.0,GENERAL,BJP,632727,651,633378,1615865,0,
4311,Odisha,Aska,Pramila Bisoyi,FEMALE,70.0,GENERAL,BJD,552364,385,552749,1541145,0,
2676,Kerala,Attingal,Adv. ADOOR PRAKASH,MALE,63.0,GENERAL,INC,379469,1526,380995,1350710,0,
3511,Maharashtra,Aurangabad,Imtiaz Jaleel Syed,MALE,50.0,GENERAL,AIMIM,388784,258,389042,1886284,0,
388,Assam,Autonomous District,HOREN SING BEY,MALE,49.0,ST,BJP,380183,1133,381316,795945,0,70875.0
6697,Uttar Pradesh,Azamgarh,Akhilesh Yadav,MALE,45.0,GENERAL,SP,619594,1984,621578,1789168,0,
2975,Madhya Pradesh,BALAGHAT,DR DHAL SINGH BISEN,MALE,66.0,GENERAL,BJP,692859,3243,696102,1767725,0,
7553,Chhattisgarh,BASTAR,DEEPAK BAIJ,MALE,38.0,ST,INC,401539,988,402527,1379122,0,
3172,Madhya Pradesh,BETUL,DURGA DAS (D.D.) UIKEY,MALE,55.0,ST,BJP,810237,1011,811248,1737437,0,
4732,Rajasthan,BHARATPUR,RANJEETA KOLI,FEMALE,39.0,SC,BJP,701293,6699,707992,1943794,0,
2742,Madhya Pradesh,BHIND,SANDHYA RAY,FEMALE,45.0,SC,BJP,522990,4704,527694,1765334,0,
3039,Madhya Pradesh,BHOPAL,SADHVI PRAGYA SINGH THAKUR,FEMALE,49.0,GENERAL,BJP,865212,1270,866482,2142861,0,
7450,Chhattisgarh,BILASPUR,ARUN SAO,MALE,51.0,GENERAL,BJP,633268,1291,634559,1876953,0,
6099,Uttar Pradesh,Badaun,Dr. Sanghmitra Maurya,FEMALE,34.0,GENERAL,BJP,510343,1009,511352,1891576,0,
2031,Karnataka,Bagalkot,Gaddigoudar Parvatagouda Chandanagouda,MALE,68.0,GENERAL,BJP,661662,2976,664638,1704010,0,
5948,Uttar Pradesh,Baghpat,Dr. SATYAPAL SINGH,MALE,63.0,GENERAL,BJP,519631,6158,525789,1616476,0,
7004,West Bengal,Baharampur,ADHIR RANJAN CHOWDHURY,MALE,63.0,GENERAL,INC,589580,1526,591106,1638378,0,
6541,Uttar Pradesh,Bahraich,AKSHAIBAR LAL,MALE,73.0,SC,BJP,525512,470,525982,1729908,0,
4187,Odisha,Balasore,PRATAP CHANDRA SARANGI,MALE,64.0,GENERAL,BJP,481438,2420,483858,1531781,0,
6745,Uttar Pradesh,Ballia,Virendra Singh,MALE,62.0,GENERAL,BJP,464039,5075,469114,1822625,0,
6954,West Bengal,Balurghat,Sukanta Majumdar,MALE,39.0,GENERAL,BJP,537577,1740,539317,1431704,0,
1210,Gujarat,Banaskantha,PARBATBHAI SAVABHAI PATEL,MALE,70.0,GENERAL,BJP,675650,3458,679108,1697384,0,
6441,Uttar Pradesh,Banda,R.K. SINGH PATEL,MALE,59.0,GENERAL,BJP,477100,826,477926,1702024,0,
2356,Karnataka,Bangalore North,D.V. Sadananda Gowda,MALE,66.0,GENERAL,BJP,821934,2566,824500,2849250,0,
2341,Karnataka,Bangalore Rural,D.K. SURESH,MALE,52.0,GENERAL,INC,877712,546,878258,2497458,0,
2410,Karnataka,Bangalore South,TEJASVI SURYA,MALE,28.0,GENERAL,BJP,736605,2624,739229,2215489,0,
2388,Karnataka,Bangalore central,P. C. Mohan,MALE,55.0,GENERAL,BJP,601170,1683,602853,2204817,0,
7051,West Bengal,Bangaon,SHANTANU THAKUR,MALE,37.0,SC,BJP,685237,2385,687622,1704632,0,
929,Bihar,Banka,GIRIDHARI YADAV,MALE,58.0,GENERAL,JD(U),476948,840,477788,1699394,0,
7326,West Bengal,Bankura,DR. SUBHAS SARKAR,MALE,65.0,GENERAL,BJP,672202,3117,675319,1648906,0,
6676,Uttar Pradesh,Bansgaon,Kamlesh Paswan,MALE,42.0,SC,BJP,544434,2239,546673,1751258,0,
4843,Rajasthan,Banswara,KANAKMAL KATARA,MALE,62.0,ST,BJP,710684,1025,711709,1975368,0,
193,Andhra Pradesh,Bapatla ,NANDIGAM SURESH,MALE,42.0,SC,YSRCP,592250,6007,598257,1468671,0,0.0
6501,Uttar Pradesh,Barabanki,Upendra Singh Rawat,MALE,51.0,SC,BJP,535594,323,535917,1816830,0,
3835,Maharashtra,Baramati,Supriya Sule,FEMALE,49.0,GENERAL,NCP,683705,3009,686714,2114663,0,
1879,Jammu & Kashmir,Baramulla,MOHAMMAD AKBAR LONE,MALE,71.0,GENERAL,JKN,132969,457,133426,1317738,0,
7088,West Bengal,Barasat,Dr. Kakoli Ghoshdastidar,FEMALE,60.0,GENERAL,AITC,647819,625,648444,1718252,0,
7357,West Bengal,Bardhaman Durgapur,S.S AHLUWALIA,MALE,67.0,GENERAL,BJP,597450,926,598376,1733578,0,
7353,West Bengal,Bardhaman Purba,SUNIL KUMAR MONDAL,MALE,61.0,SC,AITC,640490,344,640834,1698089,0,
1533,Gujarat,Bardoli,PARBHUBHAI NAGARBHAI VASAVA,MALE,49.0,ST,BJP,740448,1825,742273,1826526,0,
6125,Uttar Pradesh,Bareilly,SANTOSH KUMAR GANGWAR,MALE,70.0,GENERAL,BJP,563533,1737,565270,1797655,0,
4143,Odisha,Bargarh,Suresh Pujari,MALE,59.0,GENERAL,BJP,577074,4171,581245,1596290,0,
4809,Rajasthan,Barmer,KAILASH CHOUDHARY,MALE,45.0,GENERAL,BJP,844104,2422,846526,1941231,0,
419,Assam,Barpeta,Abdul Khaleque,MALE,44.0,GENERAL,INC,643441,1732,645173,1685149,0,567513.0
7059,West Bengal,Barrackpore,ARJUN SINGH,MALE,57.0,GENERAL,BJP,471490,1504,472994,1436431,0,
7103,West Bengal,Basirhat,Nusrat Jahan Ruhi,FEMALE,28.0,GENERAL,AITC,781920,158,782078,1678357,0,
6605,Uttar Pradesh,Basti,HARISH CHANDRA ALIAS HARISH DWIVEDI,MALE,45.0,GENERAL,BJP,469214,1948,471162,1845223,0,
4547,Punjab,Bathinda,Harsimrat Kaur Badal,FEMALE,52.0,GENERAL,SAD,490811,2013,492824,1621671,0,
3917,Maharashtra,Beed,Pritam Gopinathrao Munde,FEMALE,36.0,GENERAL,BJP,675841,2334,678175,2045405,0,
888,Bihar,Begusarai,Giriraj Singh,MALE,66.0,GENERAL,BJP,687577,4616,692193,1958382,0,
1973,Karnataka,Belgaum,ANGADI SURESH CHANNABASAPPA,MALE,63.0,GENERAL,BJP,756986,5005,761991,1779350,0,
2118,Karnataka,Bellary,Y. DEVENDRAPPA,MALE,67.0,ST,BJP,614274,2114,616388,1751734,0,
4319,Odisha,Berhampur,CHANDRA SEKHAR SAHU,MALE,68.0,GENERAL,BJD,443145,698,443843,1502455,0,
6851,Uttar Pradesh,Bhadohi,RAMESH CHAND,MALE,44.0,GENERAL,BJP,508989,1040,510029,1942514,0,
4202,Odisha,Bhadrak ,MANJULATA MANDAL,FEMALE,42.0,SC,BJD,511772,1273,513045,1661661,0,
919,Bihar,Bhagalpur,AJAY KUMAR MANDAL,MALE,41.0,GENERAL,JD(U),616724,1530,618254,1823820,0,
3365,Maharashtra,Bhandara - gondiya,Sunil Baburao Mendhe,MALE,50.0,GENERAL,BJP,646152,4091,650243,1811556,0,
1513,Gujarat,Bharuch,Mansukhbhai Dhanjibhai Vasava,MALE,61.0,ST,BJP,635374,2421,637795,1564519,0,
1446,Gujarat,Bhavnagar,DR.BHARATIBEN DHIRUBHAI SHIYAL,FEMALE,55.0,GENERAL,BJP,655272,6001,661273,1768297,0,
4873,Rajasthan,Bhilwara,SUBHASH CHANDRA BAHERIA,MALE,62.0,GENERAL,BJP,936065,2095,938160,1997328,0,
3571,Maharashtra,Bhiwandi,KAPIL MORESHWAR PATIL,MALE,58.0,GENERAL,BJP,522032,1551,523583,1890100,0,
1752,Haryana,Bhiwani-Mahendragarh,Dharambir Singh S/o Bhale Ram,MALE,64.0,GENERAL,BJP,725725,10974,736699,1654317,0,
8261,Telangana,Bhongir ,Komati Reddy Venkat Reddy,MALE,55.0,GENERAL,INC,532031,764,532795,1628033,0,
4294,Odisha,Bhubaneswar,APARAJITA SARANGI,FEMALE,49.0,GENERAL,BJP,485793,1198,486991,1699678,0,
2080,Karnataka,Bidar,BHAGWANTH KHUBA,MALE,50.0,GENERAL,BJP,583833,1638,585471,1775095,0,
1136,Bihar,Bihar_Aurangabad,SUSHIL KUMAR SINGH,MALE,53.0,GENERAL,BJP,426116,1605,427721,1742883,0,
2046,Karnataka,Bijapur,JIGAJINAGI RAMESH CHANDAPPA,MALE,66.0,SC,BJP,633868,1999,635867,1797587,0,
5865,Uttar Pradesh,Bijnor,MALOOK NAGAR,MALE,53.0,GENERAL,BSP,559824,1221,561045,1664125,0,
4636,Rajasthan,Bikaner (SC),ARJUN RAM MEGHWAL,MALE,65.0,SC,BJP,655427,2316,657743,1851628,0,
7387,West Bengal,Birbhum,SATABDI ROY,FEMALE,49.0,GENERAL,AITC,653426,651,654077,1699219,0,
7341,West Bengal,Bishnupur,KHAN SAUMITRA,MALE,38.0,SC,BJP,654904,2115,657019,1627199,0,
4230,Odisha,Bolangir,Sangeeta Kumari Singh Deo,FEMALE,57.0,GENERAL,BJP,496237,1849,498086,1744446,0,
7376,West Bengal,Bolpur,ASIT KUMAR MAL,MALE,63.0,SC,AITC,698441,730,699171,1705073,0,
5989,Uttar Pradesh,Bulandshahr,BHOLA SINGH,MALE,42.0,SC,BJP,677196,4125,681321,1787925,0,
3251,Maharashtra,Buldhana,Jadhav Prataprao Ganpatrao,MALE,58.0,GENERAL,SHS,520537,1440,521977,1762918,0,
1063,Bihar,Buxar,Ashwini Kumar Choubey,MALE,66.0,GENERAL,BJP,468690,4363,473053,1829373,0,
8346,Chandigarh,CHANDIGARH,KIRRON KHER,FEMALE,66.0,GENERAL,BJP,230967,221,231188,646729,0,
8403,NCT OF Delhi,CHANDNI CHOWK                 ,HARSH VARDHAN,MALE,64.0,GENERAL,BJP,517939,1116,519055,1562283,0,
8185,Telangana,CHEVELLA,Dr. G. Ranjith Reddy,MALE,54.0,GENERAL,TRS,527878,270,528148,2443112,0,
2997,Madhya Pradesh,CHHINDWARA,NAKUL KAMAL NATH,MALE,44.0,GENERAL,INC,586551,754,587305,1514783,0,
2590,Kerala,Chalakudy,BENNY BEHANAN,MALE,66.0,GENERAL,INC,472935,509,473444,1230197,0,
2330,Karnataka,Chamarajanagar,V. SRINIVAS PRASAD,MALE,71.0,SC,BJP,567010,1527,568537,1686333,0,
6808,Uttar Pradesh,Chandauli,Dr. Mahendra Nath Pandey,MALE,62.0,GENERAL,BJP,508113,2620,510733,1756837,0,
3385,Maharashtra,Chandrapur,Balubhau alias Suresh Narayan Dhanorkar,MALE,43.0,GENERAL,INC,557550,1957,559507,1910188,0,
7618,Jharkhand,Chatra,SUNIL KUMAR SINGH,MALE,55.0,GENERAL,BJP,526205,1872,528077,1425218,0,
4934,Tamil Nadu,Chennai North,Dr. KALANIDHI VEERASWAMY,MALE,49.0,GENERAL,DMK,589034,1952,590986,1487681,0,
4958,Tamil Nadu,Chennai South,T.SUMATHY (A) THAMIZHACHI THANGAPANDIAN,FEMALE,56.0,GENERAL,DMK,563240,1632,564872,1973533,0,
4998,Tamil Nadu,Chennai central,DAYANIDHI MARAN,MALE,52.0,GENERAL,DMK,447150,1761,448911,1332300,0,
1504,Gujarat,Chhota Udaipur,RATHVA GITABEN VAJESINGBHAI,FEMALE,47.0,ST,BJP,761472,2973,764445,1671253,0,
5487,Tamil Nadu,Chidambaram ,THIRUMAAVALAVAN THOL,MALE,56.0,SC,VCK,498401,1828,500229,1480222,0,
2437,Karnataka,Chikkballapur,B.N.Bache Gowda,MALE,76.0,GENERAL,BJP,744475,1437,745912,1808780,0,
1961,Karnataka,Chikkodi,ANNASAHEB SHANKAR JOLLE,MALE,55.0,GENERAL,BJP,641232,3785,645017,1612556,0,
2247,Karnataka,Chitradurga,A NARAYANASWAMY,MALE,62.0,SC,BJP,624200,1995,626195,1760633,0,
339,Andhra Pradesh,Chittoor ,N. REDDEPPA,MALE,68.0,SC,YSRCP,681325,5467,686792,1566499,0,138545.0
4850,Rajasthan,Chittorgarh,Chandra Prakash Joshi,MALE,43.0,GENERAL,BJP,979946,2996,982942,2015911,0,
4648,Rajasthan,Churu,RAHUL KASWAN,MALE,42.0,GENERAL,BJP,786573,6426,792999,2019104,0,
5324,Tamil Nadu,Coimbatore,NATARAJAN. P.R,MALE,68.0,GENERAL,CPIM,567741,3409,571150,1958904,0,
6887,West Bengal,Cooch behar,NISITH PRAMANIK,MALE,33.0,SC,BJP,728634,2960,731594,1814200,0,
5462,Tamil Nadu,Cuddalore ,T. R. V .S. RAMESH,MALE,48.0,GENERAL,DMK,519594,2566,522160,1364038,0,
4258,Odisha,Cuttack,BHARTRUHARI MAHTAB,MALE,62.0,GENERAL,BJD,524117,475,524592,1518996,0,
2820,Madhya Pradesh,DAMOH,PRAHALAD SINGH PATEL,MALE,59.0,GENERAL,BJP,704221,303,704524,1768777,0,
3083,Madhya Pradesh,DEWAS,MAHENDRA SINGH SOLANKY,MALE,35.0,SC,BJP,860708,1721,862429,1760503,0,
3124,Madhya Pradesh,DHAR,CHATTARSINGH DARBAR,MALE,65.0,ST,BJP,721025,1122,722147,1786151,0,
7492,Chhattisgarh,DURG,VIJAY BAGHEL,MALE,59.0,GENERAL,BJP,847445,1929,849374,1940269,0,
8391,Dadra & Nagar Haveli,Dadra And Nagar Haveli,DELKAR MOHANBHAI SANJIBHAI,MALE,56.0,ST,IND,90399,22,90421,250029,0,
1483,Gujarat,Dahod,JASHVANTSINH SUMANBHAI BHABHOR,MALE,52.0,ST,BJP,558977,2783,561760,1598939,0,
2232,Karnataka,Dakshina Kannada,NALIN KUMAR KATEEL,MALE,52.0,GENERAL,BJP,772754,1531,774285,1724976,0,
8396,Daman & Diu,Daman & diu,LALUBHAI BABUBHAI PATEL,MALE,63.0,GENERAL,BJP,37586,11,37597,121740,0,
731,Bihar,Darbhanga,Gopal Jee Thakur,MALE,49.0,GENERAL,BJP,585013,1655,586668,1654811,0,
6919,West Bengal,Darjeeling,RAJU BISTA,MALE,33.0,GENERAL,BJP,744657,5410,750067,1611317,0,
4746,Rajasthan,Dausa,Jaskaur Meena,FEMALE,71.0,ST,BJP,545481,3252,548733,1730289,0,
2175,Karnataka,Davanagere,G M SIDDESHWAR,MALE,67.0,GENERAL,BJP,651353,1643,652996,1633064,0,
6666,Uttar Pradesh,Deoria,RAMAPATI RAM TRIPATHI,MALE,69.0,GENERAL,BJP,577617,3027,580644,1754195,0,
7674,Jharkhand,Dhanbad,PASHUPATI NATH SINGH,MALE,69.0,GENERAL,BJP,824704,2530,827234,2072634,0,
5128,Tamil Nadu,Dharmapuri,DNV SENTHILKUMAR. S.,MALE,41.0,GENERAL,DMK,568310,6678,574988,1485804,0,
2140,Karnataka,Dharwad,Pralhad Joshi,MALE,56.0,GENERAL,BJP,682557,2280,684837,1727311,0,
6186,Uttar Pradesh,Dhaurahra,REKHA VERMA,FEMALE,45.0,GENERAL,BJP,512582,323,512905,1644674,0,
4219,Odisha,Dhenkanal,MAHESH SAHOO,MALE,58.0,SC,BJD,521954,930,522884,1504403,0,
396,Assam,Dhubri,BADRUDDIN AJMAL,MALE,63.0,GENERAL,AIUDF,718131,633,718764,1858566,0,567033.0
3195,Maharashtra,Dhule,Bhamre Subhash Ramrao,MALE,66.0,GENERAL,BJP,610268,3265,613533,1908173,0,
7134,West Bengal,Diamond harbour,ABHISHEK BANERJEE,MALE,31.0,GENERAL,AITC,790725,402,791127,1719190,0,
497,Assam,Dibrugarh,RAMESWAR TELI,MALE,48.0,GENERAL,BJP,657983,1600,659583,1314319,0,0.0
5353,Tamil Nadu,Dindigul,"VELUSAMY, P.",MALE,52.0,GENERAL,DMK,743813,2710,746523,1541881,0,
3533,Maharashtra,Dindori ,Dr. Bharati Pravin Pawar,FEMALE,40.0,ST,BJP,565452,2018,567470,1732936,0,
6594,Uttar Pradesh,Domariyaganj,JAGDAMBIKA PAL,MALE,68.0,GENERAL,BJP,492145,108,492253,1885433,0,
7078,West Bengal,Dum dum,SOUGATA RAY,MALE,71.0,GENERAL,AITC,511707,355,512062,1566196,0,
7587,Jharkhand,Dumka,SUNIL SOREN,MALE,39.0,ST,BJP,483748,1175,484923,1397253,0,
8454,NCT OF Delhi,EAST DELHI                    ,GAUTAM GAMBHIR,MALE,37.0,GENERAL,BJP,695109,1047,696156,2039302,0,
117,Andhra Pradesh,Eluru ,KOTAGIRI SRIDHAR,MALE,46.0,GENERAL,YSRCP,672834,3975,676809,1594950,0,0.0
2605,Kerala,Ernakulam,HIBI EDEN,MALE,35.0,GENERAL,INC,490854,409,491263,1245972,0,
5277,Tamil Nadu,Erode,GANESHAMURTHI A,MALE,72.0,GENERAL,DMK,558929,4662,563591,1462246,0,
6083,Uttar Pradesh,Etah,Rajveer Singh (Raju Bhaiya),MALE,58.0,GENERAL,BJP,544267,1081,545348,1621295,0,
6352,Uttar Pradesh,Etawah,Dr RAM SHANKAR KATHERIA,MALE,54.0,SC,BJP,519674,2445,522119,1757984,0,
6517,Uttar Pradesh,Faizabad,LALLU SINGH,MALE,64.0,GENERAL,BJP,528113,908,529021,1821785,0,
1800,Haryana,Faridabad,KRISHAN PAL,MALE,62.0,GENERAL,BJP,910787,2435,913222,2071816,0,
4505,Punjab,Faridkot,Mohammad Sadique,MALE,78.0,SC,INC,417936,1129,419065,1541971,0,
6341,Uttar Pradesh,Farrukhabad,Mukesh Rajput,MALE,50.0,GENERAL,BJP,567930,1950,569880,1708585,0,
4481,Punjab,Fatehgarh Sahib,AMAR SINGH,MALE,65.0,SC,INC,410723,928,411651,1502861,0,
6447,Uttar Pradesh,Fatehpur,NIRANJAN JYOTI,FEMALE,52.0,GENERAL,BJP,563715,2325,566040,1839312,0,
6046,Uttar Pradesh,Fatehpur Sikri,RAJKUMAR CHAHAR,MALE,52.0,GENERAL,BJP,662794,4353,667147,1718837,0,
6063,Uttar Pradesh,Firozabad,Dr. Chandra Sen Jadon,MALE,68.0,GENERAL,BJP,494050,1769,495819,1790510,0,
4523,Punjab,Firozpur,SUKHBIR SINGH BADAL,MALE,56.0,GENERAL,SAD,631100,2327,633427,1618419,0,
2778,Madhya Pradesh,GUNA,"KRISHNA PAL SINGH ""Dr. K. P. YADAV""",MALE,43.0,GENERAL,BJP,610855,3194,614049,1675724,0,
2761,Madhya Pradesh,GWALIOR,VIVEK NARAYAN SHEJWALKAR,MALE,71.0,GENERAL,BJP,624801,2449,627250,2000744,0,
3378,Maharashtra,Gadchiroli-Chimur,ASHOK MAHADEORAO NETE,MALE,55.0,ST,BJP,517722,2246,519968,1581366,0,
1270,Gujarat,Gandhinagar,AMIT SHAH,MALE,54.0,GENERAL,BJP,889925,4699,894624,1945772,0,
4626,Rajasthan,Ganganagar,NIHAL CHAND,MALE,48.0,SC,BJP,892744,4433,897177,1943486,0,
7829,Uttarakhand,Garhwal,Tirath Singh Rawat,MALE,55.0,GENERAL,BJP,487613,19367,506980,1355796,0,
433,Assam,Gauhati,QUEEN OJA,FEMALE,67.0,GENERAL,BJP,1007156,1780,1008936,2181319,0,497456.0
5975,Uttar Pradesh,Gautam Buddha Nagar,Dr. MAHESH SHARMA,MALE,59.0,GENERAL,BJP,828164,2648,830812,2302960,0,
1147,Bihar,Gaya (SC),Vijay Kumar,MALE,55.0,SC,JD(U),465748,1259,467007,1704596,0,
7279,West Bengal,Ghatal,ADHIKARI DEEPAK (DEV),MALE,36.0,GENERAL,AITC,717407,552,717959,1800002,0,
5962,Uttar Pradesh,Ghaziabad,Vijay Kumar Singh,MALE,67.0,GENERAL,BJP,942576,1927,944503,2728978,0,
6794,Uttar Pradesh,Ghazipur,AFZAL ANSARI,MALE,65.0,GENERAL,BSP,564144,1938,566082,1881077,0,
6714,Uttar Pradesh,Ghosi,ATUL KUMAR SINGH,MALE,36.0,GENERAL,BSP,572459,1370,573829,1991651,0,
7657,Jharkhand,Giridih,Chandra Prakash Choudhary,MALE,50.0,GENERAL,AJSUP,646864,1413,648277,1649413,0,
7602,Jharkhand,Godda,Nishikant Dubey,MALE,47.0,GENERAL,BJP,635383,2227,637610,1716766,0,
6576,Uttar Pradesh,Gonda,KIRTI VARDHAN SINGH ALIAS RAJA BHAIYA,MALE,53.0,GENERAL,BJP,507276,914,508190,1770248,0,
785,Bihar,Gopalganj (SC),DR. ALOK KUMAR SUMAN,MALE,61.0,SC,JD(U),562424,5726,568150,1839514,0,
6640,Uttar Pradesh,Gorakhpur,Ravindra Shyamnarayan Shukla alias Ravi Kishan,MALE,51.0,GENERAL,BJP,715010,2112,717122,1981197,0,
2059,Karnataka,Gulbarga,DR. UMESH G JADHAV,MALE,60.0,SC,BJP,617692,2500,620192,1945765,0,
157,Andhra Pradesh,Guntur,Jayadev Galla,MALE,53.0,GENERAL,TDP,586292,1626,587918,1706119,0,319031.0
4335,Punjab,Gurdaspur,SUNNY DEOL,MALE,59.0,GENERAL,BJP,551177,7542,558719,1595284,0,
1775,Haryana,Gurgaon,RAO INDERJIT SINGH,MALE,69.0,GENERAL,BJP,877241,4305,881546,2150728,0,
3012,Madhya Pradesh,HOSHANGABAD,UDAY PRATAP SINGH,MALE,54.0,GENERAL,BJP,876911,1016,877927,1706141,0,
846,Bihar,Hajipur (SC),PASHU PATI KUMAR PARAS,MALE,66.0,SC,LJP,539665,1645,541310,1823664,0,
6424,Uttar Pradesh,Hamirpur,KUNWAR PUSHPENDRA SINGH CHANDEL,MALE,45.0,GENERAL,BJP,574101,1021,575122,1749100,0,
6207,Uttar Pradesh,Hardoi,Jai Prakash,MALE,61.0,SC,BJP,567244,899,568143,1807119,0,
7856,Uttarakhand,Hardwar,Ramesh Pokhriyal 'Nishank',MALE,59.0,GENERAL,BJP,661050,4624,665674,1840738,0,
2225,Karnataka,Hassan,PRAJWAL REVANNA,MALE,28.0,GENERAL,JD(S),675512,1094,676606,1652999,0,
6013,Uttar Pradesh,Hathras,RAJVIR DILER,MALE,61.0,SC,BJP,679799,4500,684299,1864320,0,
4079,Maharashtra,Hatkanangle,Dhairyasheel Sambhajirao Mane,MALE,38.0,GENERAL,SHS,582776,3000,585776,1776555,0,
2130,Karnataka,Haveri,UDASI. S.C.,MALE,52.0,GENERAL,BJP,681147,2513,683660,1708510,0,
7797,Jharkhand,Hazaribagh,JAYANT SINHA,MALE,55.0,GENERAL,BJP,727359,1439,728798,1667465,0,
273,Andhra Pradesh,Hindupur,KURUVA GORANTLA MADHAV,MALE,50.0,GENERAL,YSRCP,699739,6863,706602,1578218,0,155934.0
3425,Maharashtra,Hingoli ,Hemant Patil,MALE,48.0,GENERAL,SHS,583392,2920,586312,1733729,0,
1659,Haryana,Hisar,BRIJENDRA SINGH,MALE,46.0,GENERAL,BJP,599951,3338,603289,1631817,0,
7242,West Bengal,Hooghly,LOCKET CHATTERJEE,FEMALE,45.0,GENERAL,BJP,670031,1417,671448,1766601,0,
4422,Punjab,Hoshiarpur,SOM PARKASH,MALE,70.0,SC,BJP,416711,4609,421320,1597500,0,
7195,West Bengal,Howrah,Prasun Banerjee,MALE,64.0,GENERAL,AITC,576499,212,576711,1633925,0,
8168,Telangana,Hyderabad,ASADUDDIN OWAISI,MALE,49.0,GENERAL,AIMIM,517239,232,517471,1957931,0,
3132,Madhya Pradesh,INDORE,SHANKAR LALWANI,MALE,57.0,GENERAL,BJP,1066824,1745,1068569,2350580,0,
2616,Kerala,Idukki,Adv. DEAN KURIAKOSE,MALE,37.0,GENERAL,INC,497697,796,498493,1204191,0,
4098,Manipur,Inner manipur,DR RAJKUMAR RANJAN SINGH,MALE,67.0,GENERAL,BJP,261802,1830,263632,937464,0,
2939,Madhya Pradesh,JABALPUR,RAKESH SINGH,MALE,56.0,GENERAL,BJP,825674,780,826454,1819893,0,
7419,Chhattisgarh,JANJGIR-CHAMPA,GUHARAM AJGALLEY,MALE,52.0,SC,BJP,570486,2304,572790,1897134,0,
4892,Rajasthan,JHALAWAR-BARAN,DUSHYANT SINGH,MALE,48.0,GENERAL,BJP,887017,383,887400,1903870,0,
7148,West Bengal,Jadavpur,MIMI CHAKRABORTY,FEMALE,30.0,GENERAL,AITC,687773,699,688472,1816857,0,
4278,Odisha,Jagatsinghpur ,RAJASHREE MALLICK,FEMALE,54.0,SC,BJD,618955,1030,619985,1643595,0,
1121,Bihar,Jahanabad,CHANDESHWAR PRASAD,MALE,68.0,GENERAL,JD(U),333191,2393,335584,1588454,0,
4696,Rajasthan,Jaipur,Ramcharan Bohra,MALE,61.0,GENERAL,BJP,918472,5593,924065,2127021,0,
4686,Rajasthan,Jaipur Rural,COL. RAJYAVARDHAN RATHORE,MALE,49.0,GENERAL,BJP,811626,8506,820132,1952542,0,
4210,Odisha,Jajpur ,SARMISTHA SETHI,FEMALE,45.0,SC,BJD,542476,1544,544020,1475007,0,
4402,Punjab,Jalandhar,Santokh Singh Chaudhary,MALE,72.0,SC,INC,385449,263,385712,1617018,0,
6407,Uttar Pradesh,Jalaun,BHANU PRATAP SINGH VERMA,MALE,60.0,SC,BJP,579723,2040,581763,1933358,0,
3222,Maharashtra,Jalgaon,Unmesh Bhaiyyasaheb Patil,MALE,40.0,GENERAL,BJP,709510,4364,713874,1931400,0,
3486,Maharashtra,Jalna,Danve Raosaheb Dadarao,MALE,65.0,GENERAL,BJP,694945,3074,698019,1867220,0,
4817,Rajasthan,Jalore,Devaji Patel,MALE,42.0,GENERAL,BJP,772383,450,772833,2071244,0,
6905,West Bengal,Jalpaiguri,Dr. JAYANTA KUMAR ROY,MALE,51.0,SC,BJP,757806,2339,760145,1735464,0,
1938,Jammu & Kashmir,Jammu,Jugal Kishore,MALE,56.0,GENERAL,BJP,840214,17852,858066,2047302,0,
1391,Gujarat,Jamnagar,POONAMBEN HEMATBHAI MAADAM,FEMALE,44.0,GENERAL,BJP,587501,4087,591588,1657166,0,
7718,Jharkhand,Jamshedpur,Bidyut Baran Mahato,MALE,56.0,GENERAL,BJP,678984,648,679632,1703279,0,
1174,Bihar,Jamui (SC),CHIRAG KUMAR PASWAN,MALE,37.0,SC,LJP,527860,1274,529134,1718814,0,
6993,West Bengal,Jangipur,KHALILUR RAHAMAN,MALE,58.0,GENERAL,AITC,562518,320,562838,1616213,0,
6758,Uttar Pradesh,Jaunpur,SHYAM SINGH YADAV,MALE,65.0,GENERAL,BSP,520046,1082,521128,1867976,0,
7117,West Bengal,Jaynagar,PRATIMA MONDAL,FEMALE,53.0,SC,AITC,760934,268,761202,1648355,0,
624,Bihar,Jhanjharpur,Ramprit Mandal,MALE,63.0,GENERAL,JD(U),601597,794,602391,1852417,0,
6411,Uttar Pradesh,Jhansi,Anurag Sharma,MALE,54.0,GENERAL,BJP,808371,901,809272,2040739,0,
7288,West Bengal,Jhargram,Kunar Hembram,MALE,56.0,ST,BJP,623373,3210,626583,1641868,0,
4659,Rajasthan,Jhunjhunu,NARENDRA KUMAR,MALE,58.0,GENERAL,BJP,722994,15169,738163,1937882,0,
4798,Rajasthan,Jodhpur,Gajendra Singh Shekhawat,MALE,51.0,GENERAL,BJP,781166,7722,788888,1956755,0,
488,Assam,Jorhat,TOPON KUMAR GOGOI,MALE,50.0,GENERAL,BJP,540942,2346,543288,1365035,0,0.0
1419,Gujarat,Junagadh,CHUDASAMA RAJESHBHAI NARANBHAI,MALE,36.0,GENERAL,BJP,543429,4315,547744,1642864,0,
7561,Chhattisgarh,KANKER,MOHAN MANDAVI,MALE,61.0,ST,BJP,543376,2857,546233,1558952,0,
4740,Rajasthan,KARAULI-DHOLPUR,MANOJ RAJORIA,MALE,49.0,SC,BJP,523801,2642,526443,1810574,0,
2835,Madhya Pradesh,KHAJURAHO,V.D. SHARMA (VISHNU DATT SHARMA),MALE,49.0,GENERAL,BJP,810410,725,811135,1842095,0,
3161,Madhya Pradesh,KHANDWA,NANDKUMAR SINGH CHOUHAN (NANDU BHAIYA),MALE,66.0,GENERAL,BJP,837969,940,838909,1909055,0,
3152,Madhya Pradesh,KHARGONE,GAJENDRA UMRAO SINGH PATEL,MALE,43.0,ST,BJP,772221,1329,773550,1834385,0,
7436,Chhattisgarh,KORBA,JYOTSNA CHARANDAS MAHANT,FEMALE,65.0,GENERAL,INC,522671,639,523310,1508840,0,
1197,Gujarat,Kachchh,CHAVDA VINOD LAKHAMSHI,MALE,40.0,SC,BJP,631753,5281,637034,1744321,0,
282,Andhra Pradesh,Kadapa,Y.S.Avinash Reddy,MALE,34.0,GENERAL,YSRCP,777967,5532,783499,1570330,0,366567.0
5839,Uttar Pradesh,Kairana,Pradeep Kumar,MALE,48.0,GENERAL,BJP,564380,2581,566961,1666703,0,
6553,Uttar Pradesh,Kaiserganj,Brijbhusan Sharan Singh,MALE,62.0,GENERAL,BJP,580226,1132,581358,1805946,0,
65,Andhra Pradesh,Kakinada,VANGA GEETHAVISWANATH,FEMALE,55.0,GENERAL,YSRCP,534655,2975,537630,1563930,0,0.0
4238,Odisha,Kalahandi,BASANTA KUMAR PANDA,MALE,58.0,GENERAL,BJP,429710,3364,433074,1611056,0,
479,Assam,Kaliabor,Gaurav Gogoi,MALE,36.0,GENERAL,INC,785014,1078,786092,1734938,0,561025.0
5199,Tamil Nadu,Kallakurichi,Gautham Sigamani Pon,MALE,44.0,GENERAL,DMK,716961,4752,721713,1528938,0,
3589,Maharashtra,Kalyan,Dr. SHRIKANT EKNATH SHINDE,MALE,32.0,GENERAL,SHS,558023,1700,559723,1965676,0,
5050,Tamil Nadu,Kancheepuram ,Selvam.G,MALE,44.0,SC,DMK,680087,3917,684004,1643992,0,
4249,Odisha,Kandhamal,ACHYUTANANDA SAMANTA,MALE,55.0,GENERAL,BJD,461154,525,461679,1288666,0,
1827,Himachal Pradesh,Kangra,Kishan Kapoor,MALE,67.0,ST,BJP,712133,13085,725218,1427338,0,
6365,Uttar Pradesh,Kannauj,SUBRAT PATHAK,MALE,39.0,GENERAL,BJP,561286,1801,563087,1874824,0,
5787,Tamil Nadu,Kanniyakumari,Vasanthakumar. H,MALE,68.0,GENERAL,INC,624627,2608,627235,1501250,0,
2479,Kerala,Kannur,K. SUDHAKARAN,MALE,70.0,GENERAL,INC,527685,2056,529741,1266550,0,
6377,Uttar Pradesh,Kanpur,Satyadev Pachauri,MALE,71.0,GENERAL,BJP,466442,2495,468937,1632983,0,
7271,West Bengal,Kanthi,Adhikari Sisir,MALE,77.0,GENERAL,AITC,711233,639,711872,1660147,0,
1094,Bihar,Karakat,MAHABALI SINGH,MALE,64.0,GENERAL,JD(U),396282,2126,398408,1771254,0,
358,Assam,Karimganj ,KRIPANATH MALLAH,MALE,46.0,SC,BJP,471946,1100,473046,1340173,0,152139.0
7901,Telangana,Karimnagar ,BANDI SANJAY KUMAR,MALE,47.0,GENERAL,BJP,497462,814,498276,1651543,0,
1689,Haryana,Karnal,Sanjay Bhatia,MALE,51.0,GENERAL,BJP,909432,2162,911594,1904193,0,
5376,Tamil Nadu,Karur,Jothimani S,FEMALE,43.0,GENERAL,INC,691518,4179,695697,1387286,0,
2469,Kerala,Kasaragod,Rajmohan Unnithan,MALE,65.0,GENERAL,INC,473983,978,474961,1363937,0,
690,Bihar,Katihar,DULAL CHANDRA GOSWAMI,MALE,51.0,GENERAL,JD(U),558984,439,559423,1653353,0,
6460,Uttar Pradesh,Kaushambi,VINOD KUMAR SONKAR,MALE,49.0,SC,BJP,381517,1492,383009,1787120,0,
4267,Odisha,Kendrapara ,Anubhav Mohanty,MALE,37.0,GENERAL,BJD,629349,830,630179,1710916,0,
4169,Odisha,Keonjhar ,Chandrani Murmu,FEMALE,25.0,ST,BJD,525886,473,526359,1516688,0,
4382,Punjab,Khadoor Sahib,JASBIR SINGH GILL (DIMPA),MALE,48.0,GENERAL,INC,457990,1720,459710,1638842,0,
898,Bihar,Khagaria,Choudhary Mehboob Ali Kaiser,MALE,52.0,GENERAL,LJP,509138,1055,510193,1676454,0,
8307,Telangana,Khammam ,NAMA NAGESWR RAO,MALE,62.0,GENERAL,TRS,566621,838,567459,1513809,0,
1467,Gujarat,Kheda,Chauhan Devusinh,MALE,54.0,GENERAL,BJP,711757,2815,714572,1804028,0,
6168,Uttar Pradesh,Kheri,Ajay Kumar,MALE,60.0,GENERAL,BJP,609285,304,609589,1770699,0,
7749,Jharkhand,Khunti,ARJUN MUNDA,MALE,50.0,ST,BJP,381566,1072,382638,1202664,0,
676,Bihar,Kishanganj,Dr. Mohammad Jawed,MALE,54.0,GENERAL,INC,366820,197,367017,1659651,0,
7642,Jharkhand,Kodarma,ANNPURNA DEVI,FEMALE,50.0,GENERAL,BJP,751996,1020,753016,1814125,0,
415,Assam,Kokrajhar,Naba Kumar Sarania,MALE,50.0,ST,IND,482556,2004,484560,1776358,0,0.0
2454,Karnataka,Kolar,S. MUNISWAMY,MALE,44.0,SC,BJP,707930,1235,709165,1629961,0,
4064,Maharashtra,Kolhapur,Sanjay Sadashivrao Mandlik,MALE,54.0,GENERAL,SHS,745675,3410,749085,1880496,0,
7160,West Bengal,Kolkata Dakshin,Mala Roy,FEMALE,61.0,GENERAL,AITC,572188,931,573119,1728851,0,
7173,West Bengal,Kolkata Uttar,BANDYOPADHYAY SUDIP,MALE,70.0,GENERAL,AITC,474490,401,474891,1444082,0,
2666,Kerala,Kollam,N.K.Premachandran,MALE,58.0,GENERAL,RSP,497264,2413,499677,1296720,0,
2103,Karnataka,Koppal,KARADI SANGANNA AMARAPPA,MALE,64.0,GENERAL,BJP,584997,1786,586783,1736693,0,
4330,Odisha,Koraput ,SAPTAGIRI SANKAR ULAKA,MALE,40.0,ST,INC,370434,695,371129,1434384,0,
4876,Rajasthan,Kota,OM BIRLA,MALE,56.0,GENERAL,BJP,796071,3980,800051,1948010,0,
2626,Kerala,Kottayam,Thomas Chazhikadan,MALE,66.0,GENERAL,KEC(M),420294,752,421046,1206698,0,
2528,Kerala,Kozhikode,M.K.RAGHAVAN,MALE,66.0,GENERAL,INC,491835,1609,493444,1318024,0,
5111,Tamil Nadu,Krishnagiri,Dr.A.CHELLAKUMAR,MALE,58.0,GENERAL,INC,609396,1902,611298,1530404,0,
7032,West Bengal,Krishnanagar,MAHUA MOITRA,FEMALE,44.0,GENERAL,AITC,613652,1220,614872,1631698,0,
244,Andhra Pradesh,Kurnool,AYUSHMAN DOCTOR SANJEEV KUMAR,MALE,52.0,GENERAL,YSRCP,603098,2364,605462,1573009,0,742444.0
1614,Haryana,Kurukshetra,NAYAB SINGH,MALE,49.0,GENERAL,BJP,686588,2041,688629,1657335,0,
6651,Uttar Pradesh,Kushi Nagar,VIJAY KUMAR DUBEY,MALE,50.0,GENERAL,BJP,595508,1531,597039,1761564,0,
1918,Jammu & Kashmir,Ladakh,Jamyang Tsering Namgyal,MALE,33.0,ST,BJP,41315,1599,42914,179232,0,
509,Assam,Lakhimpur,PRADAN BARUAH,MALE,53.0,ST,BJP,774017,2389,776406,1708013,0,93368.0
8573,Lakshadweep,Lakshadweep,MOHAMMED FAIZAL PP,MALE,43.0,ST,NCP,22796,55,22851,55189,0,
6684,Uttar Pradesh,Lalganj,Sangeeta Azad,FEMALE,44.0,SC,BSP,517545,1275,518820,1751980,0,
3971,Maharashtra,Latur ,Sudhakar Tukaram Shrangare,MALE,57.0,SC,BJP,657590,3905,661495,1886657,0,
7764,Jharkhand,Lohardaga,SUDARSHAN BHAGAT,MALE,52.0,ST,BJP,369527,2068,371595,1234286,0,
6257,Uttar Pradesh,Lucknow,Rajnath Singh,MALE,67.0,GENERAL,BJP,627881,5145,633026,2040367,0,
4461,Punjab,Ludhiana,RAVNEET SINGH BITTU,MALE,43.0,GENERAL,INC,383284,511,383795,1683325,0,
7538,Chhattisgarh,MAHASAMUND,CHUNNI LAL SAHU,MALE,51.0,GENERAL,BJP,614924,1656,616580,1637951,0,
2963,Madhya Pradesh,MANDLA,FAGGAN SINGH KULASTE,MALE,59.0,ST,BJP,735365,1901,737266,1951267,0,
3100,Madhya Pradesh,MANDSOUR,Sudheer Gupta,MALE,59.0,GENERAL,BJP,845944,1842,847786,1760875,0,
4128,Mizoram,MIZORAM,C LALROSANGA,MALE,62.0,ST,MNF,223509,777,224286,792464,0,
2715,Madhya Pradesh,MORENA,NARENDRA SINGH TOMAR,MALE,61.0,GENERAL,BJP,537856,3833,541689,1837723,0,
6778,Uttar Pradesh,Machhlishahr,Bholanath (B.P. Saroj),MALE,58.0,SC,BJP,487093,1304,488397,1848306,0,
131,Andhra Pradesh,Machilipatnam ,BALASHOWRY VALLABHANENI,MALE,50.0,GENERAL,YSRCP,567592,5258,572850,1473347,0,0.0
3995,Maharashtra,Madha,Ranjeetsinha Hindurao Naik- Nimbalkar,MALE,42.0,GENERAL,BJP,583191,3123,586314,1909574,0,
716,Bihar,Madhepura,Dinesh Chandra Yadav,MALE,67.0,GENERAL,JD(U),623460,874,624334,1884883,0,
604,Bihar,Madhubani,ASHOK KUMAR YADAV,MALE,49.0,GENERAL,BJP,594811,1032,595843,1792798,0,
5584,Tamil Nadu,Madurai,VENKATESAN S,MALE,49.0,GENERAL,CPIM,444152,2923,447075,1539026,0,
8292,Telangana,Mahabubabad  ,Kavitha Malothu,FEMALE,39.0,ST,TRS,461824,285,462109,1424385,0,
820,Bihar,Maharajganj,"Janardan Singh 'Sigriwal""",MALE,55.0,GENERAL,BJP,543523,2829,546352,1807768,0,
8210,Telangana,Mahbubnagar,MANNE SRINIVAS REDDY,MALE,60.0,GENERAL,TRS,411241,161,411402,1506102,0,
1238,Gujarat,Mahesana,SHARDABEN ANILBHAI PATEL,FEMALE,71.0,GENERAL,BJP,656686,2839,659525,1648869,0,
6070,Uttar Pradesh,Mainpuri,MULAYAM SINGH YADAV,MALE,79.0,GENERAL,SP,523145,1781,524926,1723236,0,
2541,Kerala,Malappuram,P.K. Kunhalikutty,MALE,67.0,GENERAL,IUML,589153,720,589873,1370544,0,
6981,West Bengal,Maldaha Dakshin,ABU HASEM KHAN CHOWDHURY (DALU),MALE,72.0,GENERAL,INC,443540,730,444270,1575590,0,
6965,West Bengal,Maldaha Uttar,KHAGEN MURMU,MALE,59.0,ST,BJP,507798,1726,509524,1685955,0,
8126,Telangana,Malkajgiri,ANUMULA REVANTH REDDY,MALE,51.0,GENERAL,INC,602907,841,603748,3150313,0,
1841,Himachal Pradesh,Mandi,RAM SWAROOP SHARMA,MALE,60.0,GENERAL,BJP,638441,8748,647189,1281462,0,
2301,Karnataka,Mandya,SUMALATHA AMBAREESH,FEMALE,55.0,GENERAL,IND,702167,1493,703660,1712004,0,
451,Assam,Mangaldoi,DILIP SAIKIA,MALE,45.0,GENERAL,BJP,732740,2729,735469,1800237,0,0.0
6024,Uttar Pradesh,Mathura,HEMA MALINI,FEMALE,70.0,GENERAL,BJP,667342,3951,671293,1807893,0,
7125,West Bengal,Mathurapur,CHOUDHURY MOHAN JATUA,MALE,80.0,SC,AITC,726463,365,726828,1652096,0,
3781,Maharashtra,Maval,SHRIRANG APPA CHANDU BARNE,MALE,55.0,GENERAL,SHS,718950,1713,720663,2298080,0,
2646,Kerala,Mavelikkara ,KODIKUNNIL SURESH,MALE,56.0,SC,INC,437997,2418,440415,1308102,0,
5499,Tamil Nadu,Mayiladuthurai,RAMALINGAM. S,MALE,74.0,GENERAL,DMK,595845,3447,599292,1484842,0,
4178,Odisha,Mayurbhanj ,BISHWESWAR TUDU,MALE,54.0,ST,BJP,480253,3559,483812,1493205,0,
8116,Telangana,Medak,Kotha Prabhakar Reddy,MALE,53.0,GENERAL,TRS,595830,218,596048,1603318,0,
7297,West Bengal,Medinipur,Dilip Ghosh,MALE,54.0,GENERAL,BJP,683285,2148,685433,1674236,0,
5936,Uttar Pradesh,Meerut,RAJENDRA AGARWAL,MALE,68.0,GENERAL,BJP,582976,3208,586184,1892931,0,
6865,Uttar Pradesh,Mirzapur,Anupriya Singh Patel,FEMALE,37.0,GENERAL,ADAL,590867,697,591564,1845150,0,
6218,Uttar Pradesh,Misrikh,Ashok Kumar Rawat,MALE,52.0,SC,BJP,533562,867,534429,1796932,0,
6242,Uttar Pradesh,Mohanlalganj,Kaushal Kishore,MALE,59.0,SC,BJP,627223,2776,629999,2023431,0,
5887,Uttar Pradesh,Moradabad,Dr. S.T. HASAN,MALE,60.0,GENERAL,SP,648817,599,649416,1958939,0,
3748,Maharashtra,Mumbai   South,Arvind Ganpat Sawant,MALE,67.0,GENERAL,SHS,420530,1407,421937,1554176,0,
3641,Maharashtra,Mumbai North,Gopal Shetty,MALE,65.0,GENERAL,BJP,705555,1123,706678,1647350,0,
3682,Maharashtra,Mumbai North East,Manoj Kotak,MALE,46.0,GENERAL,BJP,513579,1020,514599,1588693,0,
3659,Maharashtra,Mumbai North West,Gajanan Kirtikar,MALE,75.0,GENERAL,SHS,569018,1045,570063,1732263,0,
3711,Maharashtra,Mumbai North central,POONAM MAHAJAN,FEMALE,38.0,GENERAL,BJP,485815,857,486672,1679891,0,
3732,Maharashtra,Mumbai South central,Rahul Ramesh Shewale,MALE,47.0,SC,SHS,423743,1170,424913,1440380,0,
952,Bihar,Munger,RAJIV RANJAN SINGH ALIAS LALAN SINGH,MALE,65.0,GENERAL,JD(U),525519,3243,528762,1888025,0,
7016,West Bengal,Murshidabad,ABU TAHER KHAN,MALE,57.0,GENERAL,AITC,604024,322,604346,1725187,0,
5853,Uttar Pradesh,Muzaffarnagar,Sanjeev Kumar Balyan,MALE,46.0,GENERAL,BJP,569535,4245,573780,1698003,0,
739,Bihar,Muzaffarpur,Ajay Nishad,MALE,50.0,GENERAL,BJP,664074,2804,666878,1730553,0,
2306,Karnataka,Mysore,PRATHAP SIMHA,MALE,42.0,GENERAL,BJP,685105,3869,688974,1896333,0,
8481,NCT OF Delhi,NEW DELHI                     ,MEENAKASHI LEKHI,FEMALE,51.0,GENERAL,BJP,503157,1049,504206,1617470,0,
8428,NCT OF Delhi,NORTH EAST DELHI              ,MANOJ TIWARI,MALE,47.0,GENERAL,BJP,785262,2537,787799,2290492,0,
8509,NCT OF Delhi,NORTH WEST DELHI              ,HANS RAJ HANS,MALE,57.0,SC,BJP,847737,926,848663,2378995,0,
4247,Odisha,Nabarangpur ,RAMESH CHANDRA MAJHI,MALE,40.0,ST,BJD,392481,23,392504,1461004,0,
4137,Nagaland,Nagaland,Tokheho Yepthomi,MALE,62.0,ST,NDPP,499683,827,500510,1213777,0,
5528,Tamil Nadu,Nagapattinam ,SELVARAJ M,MALE,63.0,SC,CPI,519596,3296,522892,1303649,0,
8221,Telangana,Nagarkurnool,POTHUGANTI RAMULU,MALE,66.0,SC,TRS,499428,244,499672,1588111,0,
4776,Rajasthan,Nagaur,HANUMAN BENIWAL,MALE,47.0,GENERAL,RLTP,655496,4555,660051,1933169,0,
5878,Uttar Pradesh,Nagina,GIRISH CHANDRA,MALE,55.0,SC,BSP,567195,1183,568378,1586117,0,
3333,Maharashtra,Nagpur ,NITIN JAIRAM GADKARI,MALE,62.0,GENERAL,BJP,657624,2597,660221,2161096,0,
7846,Uttarakhand,Nainital-udhamsingh Nagar,Ajay Bhatt,MALE,57.0,GENERAL,BJP,765173,7022,772195,1828433,0,
970,Bihar,Nalanda,Kaushlendra Kumar,MALE,60.0,GENERAL,JD(U),539183,1705,540888,2114809,0,
8233,Telangana,Nalgonda,UTTAM KUMAR REDDY NALAMADA,MALE,55.0,GENERAL,INC,525508,520,526028,1585980,0,
5248,Tamil Nadu,Namakkal,CHINRAJ A.K.P,MALE,54.0,GENERAL,DMK,623370,2923,626293,1413599,0,
3453,Maharashtra,Nanded,Prataprao Patil Chikhalikar,MALE,57.0,GENERAL,BJP,482148,4658,486806,1719322,0,
3183,Maharashtra,Nandurbar ,Dr. Heena Vijaykumar Gavit,FEMALE,31.0,ST,BJP,637226,1910,639136,1871099,0,
221,Andhra Pradesh,Nandyal,POCHA . BRAHMANANDA REDDY,MALE,60.0,GENERAL,YSRCP,715024,5864,720888,1603220,0,495587.0
102,Andhra Pradesh,Narasapuram,KANUMURU RAGHU RAMA KRISHNA RAJU,MALE,57.0,GENERAL,YSRCP,444376,4858,449234,1439691,0,23839.0
180,Andhra Pradesh,Narasaraopet,LAVU SRI KRISHNA DEVARAYALU,MALE,35.0,GENERAL,YSRCP,740509,5048,745557,1670391,0,198850.0
3540,Maharashtra,Nashik,Godse Hemant Tukaram,MALE,48.0,GENERAL,SHS,562034,1565,563599,1885064,0,
1559,Gujarat,Navsari,C. R. Patil,MALE,64.0,GENERAL,BJP,969430,3309,972739,1971658,0,
1159,Bihar,Nawada,Chandan Singh,MALE,36.0,GENERAL,LJP,491956,3728,495684,1899747,0,
298,Andhra Pradesh,Nellore,Adala Prabhakara Reddy,MALE,70.0,GENERAL,YSRCP,677014,6816,683830,1672845,0,148856.0
5312,Tamil Nadu,Nilgiris ,"RAJA, A.",MALE,55.0,SC,DMK,545463,2369,547832,1366060,0,
7916,Telangana,Nizamabad,ARVIND DHARMAPURI,MALE,43.0,GENERAL,BJP,479748,836,480584,1553385,0,
1184,Goa,North Goa,SHRIPAD YESSO NAIK,MALE,66.0,GENERAL,BJP,244034,810,244844,556761,0,
471,Assam,Nowgong,Pradyut Bordoloi,MALE,59.0,GENERAL,INC,738881,843,739724,1794648,0,383729.0
206,Andhra Pradesh,Ongole ,MAGUNTA SREENIVASULU REDDY,MALE,65.0,GENERAL,YSRCP,729344,9858,739202,1556469,0,0.0
3954,Maharashtra,Osmanabad,Omprakash Bhupalsinh Alias Pawan Rajenimbalkar,MALE,35.0,GENERAL,SHS,591605,5035,596640,1889740,0,
4111,Manipur,Outer manipur,Lorho S. Pfoze,MALE,59.0,ST,NPF,362707,820,363527,1022099,0,
2564,Kerala,Palakkad,V K SREEKANDAN,MALE,49.0,GENERAL,INC,398714,560,399274,1323010,0,
7778,Jharkhand,Palamau,VISHNU DAYAL RAM,MALE,68.0,SC,BJP,753240,2419,755659,1881441,0,
3558,Maharashtra,Palghar ,Rajendra Dhedya Gavit,MALE,51.0,ST,SHS,579989,490,580479,1885600,0,
4789,Rajasthan,Pali,P. P. CHAUDHARY,MALE,65.0,GENERAL,BJP,890817,9332,900149,2161663,0,
1476,Gujarat,Panchmahal,Ratansinh Magansinh Rathod,MALE,59.0,GENERAL,BJP,727301,4835,732136,1744762,0,
3467,Maharashtra,Parbhani,JADHAV SANJAY (BANDU) HARIBHAU,MALE,52.0,GENERAL,SHS,538214,727,538941,1985228,0,
533,Bihar,Paschim Champaran,DR. SANJAY JAISWAL,MALE,54.0,GENERAL,BJP,600735,2971,603706,1633824,0,0.0
1027,Bihar,Pataliputra,RAM KRIPAL YADAV,MALE,58.0,GENERAL,BJP,506557,3000,509557,1925479,0,
1225,Gujarat,Patan,DABHI BHARATSINHJI SHANKARJI,MALE,64.0,GENERAL,BJP,629813,3555,633368,1807043,0,
2657,Kerala,Pathanamthitta,ANTO ANTONY,MALE,62.0,GENERAL,INC,380089,838,380927,1382741,0,
4602,Punjab,Patiala,Preneet Kaur,FEMALE,74.0,GENERAL,INC,531178,849,532027,1739600,0,
1006,Bihar,Patna Sahib,RAVI SHANKAR PRASAD,MALE,64.0,GENERAL,BJP,604956,2550,607506,2146008,0,
7885,Telangana,Peddapalle ,Venkatesh Netha Borlakunta,MALE,42.0,SC,TRS,441007,314,441321,1479091,0,
5443,Tamil Nadu,Perambalur,"Dr.PAARIVENDHAR, T. R",MALE,77.0,GENERAL,DMK,677005,6692,683697,1391853,0,
6471,Uttar Pradesh,Phulpur,Keshari Devi Patel,FEMALE,62.0,GENERAL,BJP,542398,2303,544701,2010477,0,
6139,Uttar Pradesh,Pilibhit,Feroze Varun Gandhi,MALE,39.0,GENERAL,BJP,702755,1794,704549,1761207,0,
5338,Tamil Nadu,Pollachi,SHANMUGA SUNDARAM. K,MALE,49.0,GENERAL,DMK,550905,3325,554230,1520504,0,
2549,Kerala,Ponnani,E. T. Mohammed Basheer,MALE,72.0,GENERAL,IUML,521438,386,521824,1356803,0,
1372,Gujarat,Porbandar,RAMESHBHAI LAVJIBHAI DHADUK,MALE,57.0,GENERAL,BJP,560011,3870,563881,1662368,0,
6333,Uttar Pradesh,Pratapgarh,SANGAM LAL GUPTA,MALE,48.0,GENERAL,BJP,434222,2069,436291,1708759,0,
8580,Puducherry,Puducherry,Ve. VAITHILINGAM,MALE,68.0,GENERAL,INC,444646,335,444981,973410,0,
3802,Maharashtra,Pune,Girish Bhalchandra Bapat,MALE,68.0,GENERAL,BJP,631875,960,632835,2075824,0,
4286,Odisha,Puri,PINAKI MISRA,MALE,59.0,GENERAL,BJD,537782,539,538321,1562331,0,
701,Bihar,Purnia,SANTOSH KUMAR,MALE,43.0,GENERAL,JD(U),632435,489,632924,1765312,0,
7308,West Bengal,Purulia,JYOTIRMAY SINGH MAHATO,MALE,34.0,GENERAL,BJP,666016,2091,668107,1645884,0,
543,Bihar,Purvi Champaran,RADHA MOHAN SINGH,MALE,69.0,GENERAL,BJP,574081,3706,577787,1658672,0,
7405,Chhattisgarh,RAIGARH,GOMATI SAI,FEMALE,43.0,ST,BJP,656939,1396,658335,1733805,0,
7514,Chhattisgarh,RAIPUR,Sunil Kumar Soni,MALE,57.0,GENERAL,BJP,836211,1691,837902,2111738,0,
3070,Madhya Pradesh,RAJGARH,RODMAL NAGAR,MALE,58.0,GENERAL,BJP,822225,1599,823824,1694329,0,
7477,Chhattisgarh,RAJNANDGAON,SANTOSH PANDEY,MALE,51.0,GENERAL,BJP,660956,1431,662387,1716459,0,
3113,Madhya Pradesh,RATLAM,GUMAN SINGH DAMOR,MALE,62.0,ST,BJP,694243,1860,696103,1851112,0,
2875,Madhya Pradesh,REWA,JANARDAN MISHRA,MALE,62.0,GENERAL,BJP,580769,3000,583769,1679534,0,
6272,Uttar Pradesh,Rae Bareli,SONIA GANDHI,FEMALE,72.0,GENERAL,INC,533687,1231,534918,1702248,0,
2073,Karnataka,Raichur,RAJA AMARESHWARA NAIK,MALE,62.0,ST,BJP,596804,1533,598337,1928204,0,
3763,Maharashtra,Raigad,Tatkare Sunil Dattatray,MALE,64.0,GENERAL,NCP,484563,2405,486968,1652965,0,
6938,West Bengal,Raiganj,DEBASREE CHAUDHURI,FEMALE,48.0,GENERAL,BJP,509862,1790,511652,1601220,0,
92,Andhra Pradesh,Rajahmundry,MARGANI BHARAT,MALE,36.0,GENERAL,YSRCP,578471,3553,582024,1534256,0,484425.0
325,Andhra Pradesh,Rajampet,P.V.MIDHUN REDDY,MALE,42.0,GENERAL,YSRCP,695277,6934,702211,1546938,0,301527.0
1362,Gujarat,Rajkot,KUNDARIA MOHANBHAI KALYANJIBHAI,MALE,67.0,GENERAL,BJP,755296,3349,758645,1884339,0,
7573,Jharkhand,Rajmahal,VIJAY KUMAR HANSDAK,MALE,36.0,ST,JMM,506589,1241,507830,1454436,0,
4861,Rajasthan,Rajsamand,Diya Kumari,FEMALE,48.0,GENERAL,BJP,858690,4349,863039,1912911,0,
5673,Tamil Nadu,Ramanathapuram,K. NAVASKANI,MALE,39.0,GENERAL,IUML,467585,2358,469943,1559740,0,
5900,Uttar Pradesh,Rampur,Mohammad Azam Khan,MALE,64.0,GENERAL,SP,559018,159,559177,1679506,0,
3316,Maharashtra,Ramtek ,Krupal Balaji Tumane,MALE,53.0,SC,SHS,594827,2299,597126,1922764,0,
7041,West Bengal,Ranaghat,JAGANNATH SARKAR,MALE,56.0,SC,BJP,779767,3486,783253,1762252,0,
7695,Jharkhand,Ranchi,SANJAY SETH,MALE,60.0,GENERAL,BJP,703983,2527,706510,1915959,0,
4051,Maharashtra,Ratnagiri - sindhudurg,Vinayak Raut,MALE,65.0,GENERAL,SHS,456013,2009,458022,1455577,0,
3238,Maharashtra,Raver,Khadse Raksha Nikhil,FEMALE,31.0,GENERAL,BJP,652212,3174,655386,1775051,0,
6879,Uttar Pradesh,Robertsganj,PAKAURI LAL KOL,MALE,66.0,SC,ADAL,447691,223,447914,1723538,0,
1733,Haryana,Rohtak,ARVIND KUMAR SHARMA,MALE,56.0,GENERAL,BJP,566242,7603,573845,1737133,0,
2794,Madhya Pradesh,SAGAR,RAJBAHADUR SINGH,MALE,51.0,GENERAL,BJP,645338,893,646231,1583129,0,
7395,Chhattisgarh,SARGUJA,Renuka Singh Saruta,FEMALE,55.0,ST,BJP,662428,1283,663711,1655239,0,
2853,Madhya Pradesh,SATNA,GANESH SINGH,MALE,56.0,GENERAL,BJP,587410,1343,588753,1575064,0,
2928,Madhya Pradesh,SHAHDOL,HIMADRI SINGH,FEMALE,32.0,ST,BJP,746122,1855,747977,1656474,0,
2900,Madhya Pradesh,SIDHI,Riti Pathak,FEMALE,41.0,GENERAL,BJP,697212,1130,698342,1845547,0,
8543,NCT OF Delhi,SOUTH DELHI                   ,RAMESH BIDHURI,MALE,57.0,GENERAL,BJP,685789,1225,687014,2067463,0,
1250,Gujarat,Sabarkantha,RATHOD DIPSINH SHANKARSINH,MALE,67.0,GENERAL,BJP,696497,5486,701983,1801717,0,
5827,Uttar Pradesh,Saharanpur,HAJI FAZLUR REHMAN,MALE,67.0,GENERAL,BSP,513268,871,514139,1739082,0,
5226,Tamil Nadu,Salem,PARTHIBAN.S.R,MALE,49.0,GENERAL,DMK,602453,3849,606302,1612512,0,
6730,Uttar Pradesh,Salempur,RAVINDER,MALE,55.0,GENERAL,BJP,464629,3311,467940,1667282,0,
877,Bihar,Samastipur (SC),Ramchandra Paswan,MALE,58.0,SC,LJP,561460,983,562443,1679030,0,
4157,Odisha,Sambalpur,NITESH GANGA DEB,MALE,47.0,GENERAL,BJP,471382,2388,473770,1468530,0,
5913,Uttar Pradesh,Sambhal,DR. SHAFIQUR REHMAN BARQ,MALE,86.0,GENERAL,SP,657505,501,658006,1828764,0,
4027,Maharashtra,Sangli,Sanjaykaka Patil,MALE,54.0,GENERAL,BJP,503615,5380,508995,1809109,0,
4576,Punjab,Sangrur,BHAGWANT MANN,MALE,45.0,GENERAL,AAAP,412201,1360,413561,1529431,0,
6615,Uttar Pradesh,Sant Kabir Nagar,PRAVEEN KUMAR NISHAD,MALE,30.0,ST,BJP,466167,1376,467543,1962903,0,
832,Bihar,Saran,Rajiv Pratap Rudy,MALE,58.0,GENERAL,BJP,496992,2994,499986,1667253,0,
1079,Bihar,Sasaram (SC),CHHEDI PASWAN,MALE,63.0,SC,BJP,492364,2436,494800,1787878,0,
4040,Maharashtra,Satara,SHRIMANT CHH. UDAYANRAJE PRATAPSINHMAHARAJ BHONSLE,MALE,53.0,GENERAL,NCP,576078,2948,579026,1848489,0,
8140,Telangana,Secundrabad,G . KISHAN REDDY,MALE,58.0,GENERAL,BJP,384248,532,384780,1968276,0,
6154,Uttar Pradesh,Shahjahanpur,Arun Kumar Sagar,MALE,42.0,SC,BJP,686352,2638,688990,2114201,0,
565,Bihar,Sheohar,RAMA DEVI,FEMALE,69.0,GENERAL,BJP,606581,2097,608678,1686215,0,
4119,Meghalaya,Shillong,VINCENT H. PALA,MALE,51.0,ST,INC,419212,477,419689,1197806,0,
1871,Himachal Pradesh,Shimla,SURESH KUMAR KASHYAP,MALE,48.0,SC,BJP,601305,4877,606182,1259085,0,
2201,Karnataka,Shimoga,B.Y.RAGHAVENDRA.,MALE,46.0,GENERAL,BJP,728902,970,729872,1676668,0,
3898,Maharashtra,Shirdi,SADASHIV KISAN LOKHANDE,MALE,56.0,SC,SHS,483449,3371,486820,1587079,0,
3853,Maharashtra,Shirur,Dr. Amol Ramsing Kolhe,MALE,38.0,GENERAL,NCP,634554,1276,635830,2175529,0,
6568,Uttar Pradesh,Shrawasti,RAM SHIROMANI,MALE,49.0,GENERAL,BSP,441505,266,441771,1914739,0,
4675,Rajasthan,Sikar,Sumedhanand Saraswati,MALE,67.0,GENERAL,BJP,761332,10772,772104,2041612,0,
4902,Sikkim,Sikkim,INDRA HANG SUBBA,MALE,30.0,GENERAL,SKM,161143,5779,166922,434128,0,
373,Assam,Silchar,RAJDEEP ROY,MALE,48.0,GENERAL,BJP,496235,3179,499414,1195720,0,0.0
7739,Jharkhand,Singhbhum,GEETA KORA,FEMALE,35.0,ST,INC,431545,270,431815,1269917,0,
1641,Haryana,Sirsa,Sunita Duggal,FEMALE,51.0,SC,BJP,712877,1474,714351,1803349,0,
585,Bihar,Sitamarhi,Sunil Kumar Pintu,MALE,58.0,GENERAL,JD(U),565533,2212,567745,1752454,0,
6195,Uttar Pradesh,Sitapur,Rajesh Verma,MALE,58.0,GENERAL,BJP,513984,544,514528,1666126,0,
5555,Tamil Nadu,Sivaganga,KARTI P CHIDAMBARAM,MALE,47.0,GENERAL,INC,564002,2102,566104,1552019,0,
799,Bihar,Siwan,Kavita Singh,FEMALE,33.0,GENERAL,JD(U),447171,1302,448473,1799551,0,
3980,Maharashtra,Solapur ,SHRI. SHA. BRA. DR. JAI SIDHESHWAR SHIVACHARY MAHASWAMIJI,MALE,63.0,SC,BJP,523352,1633,524985,1851654,0,
1704,Haryana,Sonipat,RAMESH CHANDER KAUSHIK,MALE,62.0,GENERAL,BJP,583988,3676,587664,1592611,0,
1190,Goa,South Goa,COSME FRANCISCO CAITANO SARDINHA,MALE,73.0,GENERAL,INC,201279,282,201561,579352,0,
7226,West Bengal,Srerampur,KALYAN BANERJEE,MALE,62.0,GENERAL,AITC,637231,476,637707,1785472,0,
11,Andhra Pradesh,Srikakulam,KINJARAPU RAM MOHAN NAIDU,MALE,32.0,GENERAL,TDP,529213,5331,534544,1553860,0,443539.0
1889,Jammu & Kashmir,Srinagar,Farooq Abdullah,MALE,83.0,GENERAL,JKN,106596,154,106750,1294671,0,
5031,Tamil Nadu,Sriperumbudur,Baalu.T.R.,MALE,77.0,GENERAL,DMK,790750,2531,793281,2253448,0,
6316,Uttar Pradesh,Sultanpur,MANEKA SANJAI GANDHI,FEMALE,62.0,GENERAL,BJP,458281,915,459196,1775196,0,
4148,Odisha,Sundargarh ,Jual Oram,MALE,58.0,ST,BJP,498468,1588,500056,1531525,0,
641,Bihar,Supaul,Dileshwar Kamait,MALE,73.0,GENERAL,JD(U),596807,570,597377,1690620,0,
1545,Gujarat,Surat,Darshana Vikram Jardosh,FEMALE,58.0,GENERAL,BJP,794133,1518,795651,1655704,0,
1331,Gujarat,Surendranagar,Dr. MUNJAPARA MAHENDRABHAI,MALE,50.0,GENERAL,BJP,626957,4887,631844,1849429,0,
2804,Madhya Pradesh,TIKAMGARH,Dr Virendra Kumar,MALE,65.0,SC,BJP,670967,1281,672248,1647399,0,
4760,Rajasthan,TONK-SAWAI MADHOPUR,Sukhbir Singh Jaunapuria,MALE,61.0,GENERAL,BJP,641561,2758,644319,1945992,0,
7258,West Bengal,Tamluk,Adhikari Dibyendu,MALE,42.0,GENERAL,AITC,723641,792,724433,1694646,0,
7814,Uttarakhand,Tehri Garhwal,MALA RAJYA LAXMI SHAH,FEMALE,68.0,GENERAL,BJP,556120,9213,565333,1493543,0,
5733,Tamil Nadu,Tenkasi ,DHANUSH.M.KUMAR,MALE,44.0,SC,DMK,470346,5810,476156,1492317,0,
463,Assam,Tezpur,PALLAB LOCHAN DAS,MALE,41.0,GENERAL,BJP,681437,2729,684166,1499639,0,0.0
3617,Maharashtra,Thane,RAJAN BABURAO VICHARE,MALE,57.0,GENERAL,SHS,738618,2351,740969,2370903,0,
5542,Tamil Nadu,Thanjavur,"PALANIMANICKAM,S.S.",MALE,68.0,GENERAL,DMK,583621,5357,588978,1461052,0,
5612,Tamil Nadu,Theni ,"RAVEENDRANATH KUMAR, P",MALE,39.0,GENERAL,ADMK,503459,1354,504813,1561040,0,
4914,Tamil Nadu,Thiruvallur ,Dr.K.Jayakumar,MALE,69.0,SC,INC,764093,3199,767292,1946870,0,
2699,Kerala,Thiruvananthapuram,Dr. SHASHI THAROOR,MALE,63.0,GENERAL,INC,414057,2074,416131,1371427,0,
5694,Tamil Nadu,Thoothukkudi,KANIMOZHI KARUNANIDHI,FEMALE,51.0,GENERAL,DMK,560345,2798,563143,1427783,0,
2580,Kerala,Thrissur,T. N. PRATHAPAN,MALE,58.0,GENERAL,INC,414541,548,415089,1337110,0,
5418,Tamil Nadu,Tiruchirappalli,Thirunavukkarasar. SU,MALE,69.0,GENERAL,INC,615667,5618,621285,1508963,0,
5759,Tamil Nadu,Tirunelveli,GNANATHIRAVIAM S,MALE,54.0,GENERAL,DMK,517589,5404,522993,1547800,0,
315,Andhra Pradesh,Tirupati ,Balli Durga Prasad Rao,MALE,63.0,SC,YSRCP,717924,4953,722877,1650453,0,453015.0
5300,Tamil Nadu,Tiruppur,"SUBBARAYAN, K.",MALE,71.0,GENERAL,CPI,505793,2932,508725,1530014,0,
5143,Tamil Nadu,Tiruvannamalai,ANNADURAI C N,MALE,45.0,GENERAL,DMK,661719,4553,666272,1473862,0,
5818,Tripura,Tripura East,Rebati Tripura,MALE,43.0,ST,BJP,479634,2492,482126,1261861,0,
5801,Tripura,Tripura West,Pratima Bhoumik,FEMALE,50.0,GENERAL,BJP,570021,3511,573532,1352857,0,
2267,Karnataka,Tumkur,G. S. BASAVARAJ,MALE,78.0,GENERAL,BJP,594011,2116,596127,1608545,0,
4124,Meghalaya,Tura ,AGATHA K. SANGMA,FEMALE,38.0,ST,NPEP,304185,270,304455,716990,0,
3088,Madhya Pradesh,UJJAIN,ANIL FIROJIYA,MALE,47.0,SC,BJP,790207,1456,791663,1661229,0,
6624,Uttar Pradesh,UP_Maharajganj,PANKAJ CHOUDHARY,MALE,54.0,GENERAL,BJP,725557,792,726349,1915408,0,
4833,Rajasthan,Udaipur,ARJUNLAL MEENA,MALE,54.0,ST,BJP,867694,3854,871548,2069559,0,
1924,Jammu & Kashmir,Udhampur,DR. JITENDRA SINGH,MALE,62.0,GENERAL,BJP,715406,8905,724311,1685816,0,
2214,Karnataka,Udupi Chikmagalur,SHOBHA KARANDLAJE,FEMALE,52.0,GENERAL,BJP,717482,1434,718916,1513806,0,
859,Bihar,Ujiarpur,Nityanand Rai,MALE,53.0,GENERAL,BJP,542341,1565,543906,1612300,0,
7217,West Bengal,Uluberia,SAJDA AHMED,FEMALE,57.0,GENERAL,AITC,694617,328,694945,1614988,0,
6234,Uttar Pradesh,Unnao,Swami Sakshi Ji Maharaj,MALE,63.0,GENERAL,BJP,702441,1066,703507,2191465,0,
2159,Karnataka,Uttara Kannada,ANANTKUMAR HEGDE,MALE,51.0,GENERAL,BJP,783211,2831,786042,1556599,0,
3025,Madhya Pradesh,VIDISHA,Ramakant Bhargava,MALE,65.0,GENERAL,BJP,850443,2579,853022,1741604,0,
2492,Kerala,Vadakara,K. MURALEEDHARAN,MALE,62.0,GENERAL,INC,525004,1751,526755,1288926,0,
1492,Gujarat,Vadodara,RANJANBEN BHATT,FEMALE,56.0,GENERAL,BJP,880905,2814,883719,1794896,0,
763,Bihar,Vaishali,Veena Devi (W/o Dinesh Prasad Singh),FEMALE,48.0,GENERAL,LJP,566707,1508,568215,1735983,0,
518,Bihar,Valmiki Nagar,BAIDYANATH PRASAD MAHTO,MALE,62.0,GENERAL,JD(U),601227,1433,602660,1665502,0,0.0
1586,Gujarat,Valsad,Dr.K.C.PATEL,MALE,69.0,ST,BJP,770442,1538,771980,1671030,0,
6823,Uttar Pradesh,Varanasi,NARENDRA MODI,MALE,68.0,GENERAL,BJP,673453,1211,674664,1856791,0,
5083,Tamil Nadu,Vellore,D.M.KATHIR ANAND,MALE,43.0,GENERAL,DMK,484980,360,485340,1438643,0,
142,Andhra Pradesh,Vijayawada,KESINENI SRINIVAS (NANI),MALE,53.0,GENERAL,TDP,573929,1569,575498,1652994,0,391978.0
5186,Tamil Nadu,Viluppuram,RAVIKUMAR D,MALE,58.0,SC,DMK,556675,2910,559585,1444335,0,
5643,Tamil Nadu,Virudhunagar,"MANICKAM TAGORE, B.",MALE,44.0,GENERAL,INC,464667,6216,470883,1484256,0,
39,Andhra Pradesh,Visakhapatnam,M V V SATYANARAYANA,MALE,52.0,GENERAL,YSRCP,433968,2938,436906,1829300,0,0.0
23,Andhra Pradesh,Vizianagaram,Bellana Chandra Sekhar,MALE,57.0,GENERAL,YSRCP,573466,4952,578418,1503980,0,519344.0
8519,NCT OF Delhi,WEST DELHI                    ,PARVESH SAHIB SINGH VERMA,MALE,41.0,GENERAL,BJP,862058,3590,865648,2371644,0,
8276,Telangana,Warangal,DAYAKAR PASUNOORI,MALE,51.0,SC,TRS,612027,471,612498,1666770,0,
3302,Maharashtra,Wardha,Ramdas Chandrabhanji Tadas,MALE,65.0,GENERAL,BJP,575488,2876,578364,1743283,0,
2505,Kerala,Wayanad,Rahul Gandhi,MALE,48.0,GENERAL,INC,705034,1333,706367,1359679,0,
3400,Maharashtra,Yavatmal-Washim,Bhavana Pundlikrao Gawali,FEMALE,46.0,GENERAL,SHS,540104,1994,542098,1916185,0,
8102,Telangana,Zahirabad,B.B.PATIL,MALE,63.0,GENERAL,TRS,434066,178,434244,1498666,0,
